选项,指标,20250930,20250630,20250331,20241231,20240930,20240630,20240331,20231231,20230930,20230630,20230331,20221231,20220930,20220630,20220331,20211231,20210930,20210630,20210331,20201231,20200930,20200630,20200331,20191231,20190930,20190630,20190331,20181231,20180930,20180630,20180331,20171231,20170930,20170630,20170331,20161231,20160930,20160630,20160331,20151231,20150930,20150630,20150331,20141231,20140930,20140630,20140331,20131231,20130930,20130630,20130331,20121231,20120930,20120630,20120331,20111231,20110930,20110630,20110331,20101231,20100930,20100630,20100331,20091231,20090930,20090630,20090331,20081231,20080930,20080630,20080331,20071231,20070930,20070630,20070331,20061231,20051231
常用指标,归母净利润,3535468570.41,2475566750.61,653304288.99,2905728684.03,2545010271.97,1809589445.46,561037985.01,7361892404.52,2590132339.63,1976018373.13,495351177.84,2324356092.2,1693101190.89,1519848967.71,355574576.71,3378410889.6,2399047215.98,1643175887.55,347573484.46,3902778775.35,2825124363.85,1368974364.44,317916471.89,3188144692.55,1877352423.8,1238880948.74,316343906.02,2529426468.61,1563681387.58,1081916886.52,295523140.67,2378726820.22,1444493831.26,983001211.23,286838396.38,1825199447.95,1069555716.91,709741024.33,215240055.79,1372301211.87,761185688.48,463807123.29,103404954.02,1142678484.61,724596498.69,506330773.81,201668480.66,1130921915.51,615966667.45,386253535.92,142673089.17,700155145.05,377997722.57,225809636.69,66967705.04,377983123.52,204238399.55,128907294.9,39185843.2,260294585.96,140770590.57,78450422.95,18528630.06,117187030.35,59977669.47,34024690.7,6310066.13,104126860.63,74434533.37,36727892.08,5836523.44,89846549.66,54995802.43,24556167.89,2779527.07,47727776.14,41911617.72
常用指标,营业总收入,22912542319.59,15181329651.13,6256129778.73,32180931827.17,22450081877.91,14866622569.81,6180916716.7,32218317636.77,22278484044.04,14633547280.64,6015629882.58,30565370012.64,21171868473.02,14087085840.97,5847968885.65,32835479336.85,21485105535.26,13505005733.89,5114399101.72,26465968181.1,16166204673.11,9838328853.62,3501562275.8,26149430652.42,16428235097.23,10806566370.89,4347918104.26,23665688106.22,15030729066.2,9814041352.48,3617652691.4,18844458053.78,11723294881.29,7464664934.38,2648612419.36,13329094010.82,7968634527.28,4949746889.51,1782728113.94,10077833438.49,5830194178.29,3468887211.13,1202598595.55,7331881449.46,4647473079.69,3042521916.96,1144820982.71,5410094042.8,3259172104.41,2031589599.46,788467237.58,3531214471.62,2192882979.01,1296870812.88,498029565.17,2205208207.08,1460699765.06,894260544.45,328634906.66,1516275445.16,957975121.68,570649139.52,212729003.42,835942072.07,518260863.69,299015862.0,129896906.78,632018390.77,444354759.21,264817613.74,79182563.64,405185173.71,257689679.09,139893683.98,50910017.09,445538267.0,293144590.5
常用指标,营业成本,20441398270.21,13272648542.15,5872689700.23,30034509485.68,20479553255.38,13262791211.99,5849133041.74,29058697666.07,19682357352.26,12639678879.61,5653548465.5,28808656031.31,19424258152.56,12627463461.27,5550713608.95,29561717851.11,19336098032.94,11947184367.94,4770751992.98,23700192030.78,14615868742.24,8605447370.85,3369359569.59,22996746203.46,14841856899.77,9650560173.11,4206843222.3,21222616479.48,13544083764.7,8657002668.63,3408142945.83,16919172999.6,10666539007.22,6677841591.33,2532178698.53,11905313751.65,7209873734.83,4390573419.2,1696852178.02,8884801956.74,5197526829.58,3100005740.53,1136952462.61,6412768155.44,4096125929.35,2626646337.19,987014824.77,4484001190.1,2692052219.44,1688737521.83,674123977.71,2924298493.48,1854666091.01,1097639440.64,443347074.46,1870266206.55,1234300793.67,758571468.59,295027420.5,1277038282.59,831345213.29,498652854.07,197571148.5,744993476.23,470083403.49,271604497.85,125166784.45,550471411.19,376083946.11,230949005.96,73814373.17,329253831.81,210652144.98,121020460.48,51339894.61,420441998.24,259384808.89
常用指标,净利润,3667630737.35,2598685138.93,706851986.58,2919172272.03,2599179662.75,1863377131.18,586237198.91,7475267485.55,2706496803.38,2040259661.87,492961559.17,2261850253.32,1705346279.36,1543277888.54,344258099.6,3411546572.58,2410997739.66,1675411526.05,359601058.2,3935241656.29,2818686408.8,1370732897.65,309131986.37,3160858484.54,1830482376.44,1204662193.99,305420296.81,2594592680.34,1576141432.68,1088763872.17,296388605.42,2376786346.1,1443905470.23,979823725.39,276016025.53,1810152288.31,1065526240.29,710370933.78,214420096.46,1381123509.9,760141858.83,463316918.9,103488622.68,1144264528.4,725708437.43,506721565.91,201566864.57,1130138728.33,614952161.37,385472147.59,142047575.32,696651234.16,375189607.7,223868963.06,66046922.8,375560849.13,203338351.15,128675182.18,39139044.17,259631611.79,140506749.39,78357365.42,18482445.69,117109577.25,59900200.64,33947778.5,6229289.06,104038260.94,73816300.71,36369378.73,5653261.28,89872104.67,54820564.89,24410675.39,2715913.68,48750486.96,45760191.91
常用指标,扣非净利润,2556444810.28,1795933411.7,503508968.09,2347399066.67,2261467748.56,1762237469.53,501290511.61,2961742139.01,2402367085.12,1754769829.96,398105107.61,1580552515.57,1583860680.57,1255639844.11,345713991.57,3103383711.14,2137713932.42,1439592047.22,311445134.94,2735061861.04,1736331079.79,1290258785.1,300408224.85,3016953888.25,1729521354.66,1138651748.03,286016593.97,2495121029.76,1623241371.03,1107484389.0,290656854.31,2340407357.44,1420420938.76,970581936.99,285066653.29,1719172124.08,1049517093.71,694253492.1,206961873.43,1350391817.72,747419669.33,453674808.67,98553311.01,1104845551.99,704260161.69,490568103.19,186481304.9,1114568260.74,605659701.73,378170390.26,136650379.89,685819391.22,366907022.5,213535689.51,61438313.05,366704384.83,202675746.14,126587667.66,37576817.37,253337502.41,137334347.69,76271786.99,16554010.39,105451689.12,57568827.22,32128894.72,6371654.66,97560392.67,75903732.15,38149551.32,,81504059.33,,,,35644107.43,34438801.83
常用指标,股东权益合计(净资产),39024882826.28,37880327273.4,37951463482.23,37174208830.61,36955082147.89,36599491527.96,36485087291.65,35884094399.0,33510329342.08,33052119177.92,31962425818.06,26218371759.33,25643985349.34,24888141952.5,24467144881.42,24170344508.14,23181883798.92,22039245139.48,21172796664.91,20203642110.1,18912582844.27,17387576470.03,16317624444.13,15976167711.66,14413519378.27,13853502356.2,13284572394.67,12903265673.43,11662128156.97,11137408913.58,10899564660.58,10593230012.49,9657021166.15,9178394866.75,8729063593.84,8425784635.28,7674448132.03,7293243089.16,6750180213.47,6566387356.9,5873845411.05,5577342664.83,5319499929.3,5211038302.83,5301483977.44,5072299999.7,4375446340.8,4173879476.23,3658693279.91,3429211866.04,2290329689.11,2147653060.5,1824863823.81,1672020488.91,1582445858.39,1514876245.33,1334119325.36,1251421734.4,1220621274.4,1174347808.24,1044380679.02,872068884.23,848659875.56,828277429.87,771090077.93,745137655.79,732449166.35,726219877.29,692621607.22,655174685.24,234873336.62,262628650.35,,,,143554200.46,146645593.02
常用指标,商誉,6615294.18,6615294.18,6615294.18,6615294.18,6615294.18,6615294.18,6615294.18,6615294.18,6615294.18,6615294.18,6615294.18,6615294.18,42685490.3,42685490.3,42685490.3,42685490.3,42685490.3,42685490.3,42685490.3,42685490.3,42685490.3,42685490.3,42685490.3,42685490.3,42685490.3,42685490.3,109745412.21,109745412.21,96540278.38,96540278.38,96540278.38,71083281.09,71083281.09,71083281.09,71083281.09,71083281.09,71083281.09,71083281.09,71083281.09,,,,,,,,,,,,,,,,,,,,,,,,,,,,,,,,,,,,,,
常用指标,经营现金流量净额,1563656132.5,639122979.11,-671695394.62,2710237609.3,-124915721.7,-507185620.71,-1306666360.66,4598778654.47,1325252238.48,262696745.71,-1339410329.62,1053587649.46,-883377679.16,-1727794646.76,-2473101850.64,1727560748.01,-1213296065.5,-871108797.99,-1327570256.4,4401533068.39,1267956746.02,-106927963.95,-1190517598.97,1600604287.7,-538236952.24,-870467092.88,-1728487212.91,955315978.17,-1666971869.53,-1096356837.0,-1286295160.14,914231360.01,-1141692905.71,-921403890.23,-1384225716.41,470737105.34,-793075284.84,-665740138.48,-718084575.94,200763824.86,-675595350.14,-557635269.36,-523948825.6,-17080921.46,-883339431.94,-940748926.6,-678592075.78,356475220.71,6610104.09,-78943868.54,-215180758.7,481913096.22,12888573.84,-144914052.08,-229913056.03,74219234.05,-167926349.0,-103397414.09,-99868660.24,123564361.27,-48166245.41,-24503888.67,-43348772.32,46401832.16,12743802.42,3281297.7,-12875271.93,2666718.48,-63868485.76,-60757771.72,-32617886.9,79575304.92,3688803.08,-21429591.76,-13087806.46,-29220660.19,23617279.26
常用指标,基本每股收益,1.09,0.76,0.2,0.9,0.78,0.56,0.17,2.31,0.82,0.63,0.17,0.79,0.57,0.51,0.12,1.15,0.81,0.56,0.12,1.34,0.97,0.47,0.11,1.1,0.64,0.42,0.11,0.87,0.54,0.37,0.1,0.82,0.5,0.34,0.1,0.63,0.37,0.25,0.07,0.48,0.27,0.16,0.04,1.01,0.63,0.44,0.18,1.0,0.55,0.34,0.13,0.63,0.34,0.2,0.06,0.68,0.37,0.23,0.14,0.96,0.52,0.29,0.13,0.88,0.9,0.5094,0.09,1.74,1.3,0.6956,0.11,1.71,,,,0.95,1.4
常用指标,每股净资产,11.62943,11.299725,11.137832,10.932067,10.862652,10.754279,10.724881,10.538625,9.945718,9.826377,9.492654,8.518109,8.281884,8.031605,8.012334,7.88686,7.566784,7.180531,6.920249,6.600736,6.182492,5.661954,5.324401,5.207889,4.713909,4.522866,4.33436,4.209589,3.949223,3.786551,3.714525,3.610663,3.287844,3.129054,2.941834,2.840925,2.579259,2.452977,2.276728,5.597453,5.05522,4.797913,4.57422,4.445689,4.523397,4.328229,3.813044,3.637088,3.18779,2.987365,4.094873,3.838116,3.258303,2.982915,5.641212,5.395798,4.751255,4.459348,8.731756,8.406973,7.472717,6.513936,12.676737,12.399362,11.542935,11.154417,10.964527,10.870065,10.375026,9.810555,4.69737,4.581285,,,,2.866334,2.711764
常用指标,每股现金流,0.475744,0.194685,-0.2036,0.822373,-0.037941,-0.15405,-0.396624,1.395908,0.402265,0.079738,-0.402677,0.347356,-0.291239,-0.569634,-0.825867,0.576901,-0.405167,-0.290897,-0.443176,1.469342,0.423125,-0.035625,-0.396406,0.532875,-0.179557,-0.29039,-0.576627,0.318691,-0.575064,-0.378216,-0.44374,0.315387,-0.393856,-0.317861,-0.477416,0.162356,-0.273529,-0.229612,-0.247636,0.173087,-0.582359,-0.480678,-0.451548,-0.014595,-0.754605,-0.803647,-0.59207,0.311024,0.005767,-0.068878,-0.385543,0.863452,0.023091,-0.259627,-0.823823,0.265942,-0.601713,-0.370493,-0.715698,0.88551,-0.345178,-0.183412,-0.648933,0.694638,0.190775,0.049121,-0.192743,0.03992,-0.956115,-0.909547,-0.652357,1.355974,,,,-0.584413,0.472345
常用指标,净资产收益率(ROE),9.55,6.72,1.8,8.19,7.16,5.1,1.6,22.43,8.52,6.7,1.9,9.49,6.97,6.27,1.49,15.58,11.36,7.92,1.74,22.09,16.51,8.35,2.01,22.74,13.99,9.4,2.47,22.16,14.23,9.91,2.78,25.47,16.24,11.29,3.42,24.8,15.35,10.43,3.26,23.59,13.75,8.56,1.97,24.44,15.22,11.5,4.72,35.09,21.7,15.64,6.45,38.51,22.59,13.94,4.35,28.36,16.21,10.37,3.27,26.4,15.55,9.11,2.21,15.1,,4.57,,19.4,,11.76,,46.05,,,,30.57,44.27
常用指标,总资产报酬率(ROA),7.574566,5.554131,1.359997,5.747217,5.034437,3.605583,1.233147,16.578818,6.335715,4.837818,1.160272,5.352789,4.256433,3.919502,0.851474,8.844371,6.317282,4.404102,1.16502,13.050009,9.857745,5.335119,1.231266,12.991875,7.606719,5.370856,1.378319,12.110923,7.922567,5.982694,2.142263,14.798468,9.799696,7.24105,2.102958,15.243977,9.052811,7.173746,2.222566,16.221044,9.627904,6.542923,1.365148,17.981723,12.165168,8.764091,3.648513,23.957531,16.548695,11.008742,4.835882,26.857319,16.176431,10.552336,3.245941,20.601707,12.330769,8.072998,2.371799,19.810577,10.937809,6.8623,1.53367,12.655546,6.083704,4.132235,0.397318,17.279731,12.474706,7.070004,1.616782,29.151975,,,,18.182636,16.18969
常用指标,毛利率,41.652702,41.60903,40.12613,38.840532,40.805842,41.268263,41.886382,42.036169,42.648353,42.843742,42.527403,37.871526,37.527901,37.513147,39.028776,38.912074,40.57219,41.423831,40.904995,42.702526,44.99,48.169549,49.232509,41.122259,40.974281,40.37487,37.447871,37.161425,36.371339,36.518298,38.973778,38.233859,39.138198,39.447505,39.74637,37.705214,38.548642,38.445637,38.700392,37.221329,38.175108,38.157354,37.879348,38.140913,37.743242,37.886719,41.780569,42.821248,43.382612,43.947426,42.252775,42.671027,42.25143,41.65142,40.150343,42.270531,40.707429,41.16393,42.233387,43.272361,41.925001,42.180353,42.073789,38.805856,38.23058,39.256466,40.217108,38.840098,39.032249,37.462035,37.504642,41.147469,40.938363,40.211848,39.423457,33.832814,33.831851
常用指标,销售净利率,16.007087,17.117638,11.29855,9.071124,11.577595,12.533964,9.484631,23.201917,12.148478,13.942345,8.194679,7.400042,8.054774,10.955267,5.886797,10.389818,11.221716,12.405855,7.031149,14.869063,17.435671,13.932578,8.828401,12.087676,11.142294,11.147501,7.024518,10.96352,10.486127,11.09394,8.192843,12.612654,12.316549,13.126158,10.421155,13.58046,13.371503,14.351661,12.027638,13.704567,13.038019,13.356355,8.605416,15.606697,15.615118,16.654656,17.606845,20.889447,18.868354,18.973918,18.015659,19.728375,17.109422,17.26224,13.261646,17.030629,13.920612,14.389003,11.909582,17.122984,14.667056,13.731268,8.688258,14.009293,11.557924,11.353169,4.795563,16.461271,16.612019,13.733746,7.139527,21.16904,21.273869,17.449447,5.334733,10.94193,15.610109
常用指标,期间费用率,30.06325,28.286615,33.224039,31.482948,31.321253,29.806612,35.806261,31.373272,30.199477,28.424462,35.729797,31.510041,28.695189,26.587561,33.431342,28.385998,29.964963,29.146224,33.300845,31.641308,34.773858,35.077644,44.923032,28.367616,30.70114,29.083615,33.654109,26.025248,25.78868,24.089871,31.885252,25.962744,28.127166,26.982442,33.690679,25.416059,26.785469,25.109747,32.179281,22.69427,25.052287,25.226249,29.746611,23.68512,23.915329,21.999067,25.764777,22.862148,23.354624,24.389757,24.99676,23.63642,24.321726,23.731907,25.990625,25.0888,22.891528,23.395876,29.483361,26.123908,27.048647,27.819109,32.984038,26.163068,27.167832,28.698772,35.343417,25.032356,21.97564,22.675361,29.988599,21.424658,22.787342,27.566093,39.372107,24.955781,20.682696
常用指标,资产负债率,25.159466,24.271198,24.845388,29.50874,27.515832,27.106841,26.942033,32.14299,31.249168,32.350368,33.790872,43.315175,42.001991,41.951767,42.053,45.137064,44.180644,44.577574,43.977363,44.791301,41.905757,41.159351,42.520195,45.961925,48.375921,49.490514,47.387313,51.032364,50.194201,49.892563,47.803974,50.344572,48.874323,46.003045,41.365321,45.16747,40.655696,38.629682,38.860372,42.918207,33.952622,33.689672,29.19923,34.780221,20.70139,25.012206,32.476424,30.75293,24.476007,24.01893,31.799759,36.785972,36.906739,35.585468,30.156775,33.238686,29.631604,33.956675,30.416746,33.935853,34.079053,36.84663,30.767119,28.606514,23.600163,17.857227,15.819183,16.023851,17.472603,18.822139,39.174586,39.555786,,,,51.983238,52.289761
每股指标,基本每股收益,1.09,0.76,0.2,0.9,0.78,0.56,0.17,2.31,0.82,0.63,0.17,0.79,0.57,0.51,0.12,1.15,0.81,0.56,0.12,1.34,0.97,0.47,0.11,1.1,0.64,0.42,0.11,0.87,0.54,0.37,0.1,0.82,0.5,0.34,0.1,0.63,0.37,0.25,0.07,0.48,0.27,0.16,0.04,1.01,0.63,0.44,0.18,1.0,0.55,0.34,0.13,0.63,0.34,0.2,0.06,0.68,0.37,0.23,0.14,0.96,0.52,0.29,0.13,0.88,0.9,0.5094,0.09,1.74,1.3,0.6956,0.11,1.71,,,,0.95,1.4
每股指标,稀释每股收益,1.09,0.76,0.2,0.9,0.78,0.56,0.17,2.31,0.82,0.63,0.17,0.79,0.57,0.51,0.12,1.15,0.81,0.56,0.12,1.33,0.97,0.47,0.11,1.1,0.64,0.42,0.11,0.87,0.54,0.37,0.1,0.82,0.5,0.34,0.1,0.63,0.37,0.25,0.07,0.48,0.26,0.16,0.04,1.01,0.63,0.44,0.18,1.0,0.55,0.34,0.13,0.63,0.34,0.2,0.06,0.68,0.37,0.23,0.14,0.96,0.52,0.29,0.13,0.88,0.9,0.5094,0.09,1.74,1.3,0.6956,0.11,1.71,,,,0.95,1.4
每股指标,摊薄每股收益_最新股数,1.075671,0.753194,0.198768,0.884072,0.774322,0.55057,0.170696,2.239866,0.788051,0.601206,0.150711,0.707188,0.515128,0.462416,0.108184,1.027886,0.729913,0.499938,0.105749,1.187425,0.859548,0.416512,0.096726,0.969997,0.571187,0.376931,0.096248,0.769581,0.475752,0.329174,0.089913,0.72373,0.439489,0.299079,0.08727,0.555319,0.325413,0.215939,0.065487,0.417524,0.231591,0.141113,0.031461,0.347661,0.220459,0.154051,0.061357,0.344084,0.187408,0.117518,0.043408,0.213023,0.115006,0.068702,0.020375,0.115001,0.062139,0.03922,0.011922,0.079194,0.042829,0.023868,0.005637,0.035654,0.018248,0.010352,0.001919,0.03168,0.022646,0.011174,0.001775,0.026089,0.016732,0.007471,0.000845,0.014521,0.012751
每股指标,摊薄每股净资产_期末股数,11.62943,11.299725,11.137832,10.932067,10.862652,10.754279,10.724881,10.538625,9.945718,9.826377,9.492654,8.518109,8.281884,8.031605,8.012334,7.88686,7.566784,7.180531,6.920249,6.600736,6.182492,5.661954,5.324401,5.207889,4.713909,4.522866,4.33436,4.209589,3.949223,3.786551,3.714525,3.610663,3.287844,3.129054,2.941834,2.840925,2.579259,2.452977,2.276728,5.597453,5.05522,4.797913,4.57422,4.445689,4.523397,4.328229,3.813044,3.637088,3.18779,2.987365,4.094873,3.838116,3.258303,2.982915,5.641212,5.395798,4.751255,4.459348,8.731756,8.406973,7.472717,6.513936,12.676737,12.399362,11.542935,11.154417,10.964527,10.870065,10.375026,9.810555,4.69737,4.581285,,,,2.866334,2.711764
每股指标,调整每股净资产_期末股数,11.113889,10.793385,10.571491,10.379575,10.284486,10.179531,10.115085,9.9241,9.398793,9.301826,8.960216,7.954722,7.664124,7.452871,7.449556,7.341513,7.002699,6.650394,6.397218,6.162024,5.777609,5.281975,4.92789,4.821762,4.36862,4.205146,4.003346,3.894456,3.687131,3.540304,3.497376,3.411994,3.097126,2.952297,2.810115,2.713181,2.456584,2.341106,2.165039,5.357841,4.861898,4.681647,4.473728,4.351662,4.432703,4.241896,3.7247,3.528041,3.134841,2.935888,3.999463,3.738281,3.161143,2.888194,5.481371,5.234947,4.585735,4.295983,8.448387,8.120353,7.178034,6.211044,12.065923,11.779226,10.935864,10.563673,10.381743,10.293211,10.207643,9.653424,4.507141,4.407627,,,,2.771571,2.628298
每股指标,每股净资产_最新股数,11.62943,11.286271,11.179587,10.961583,10.88113,10.772533,10.750051,10.563357,9.969059,9.849438,9.606762,7.860882,7.642883,7.411915,7.300007,7.185688,6.894069,6.542155,6.307179,6.015972,5.636781,5.170497,4.865177,4.759406,4.299167,4.124931,3.953011,3.839275,3.48302,3.339551,3.276028,3.184427,2.899716,2.759671,2.595139,2.506122,2.275293,2.163893,2.008649,1.975347,1.784299,1.69348,1.614856,1.582916,1.611035,1.541525,1.329656,1.268298,1.111622,1.041731,0.695349,0.651749,0.553329,0.506562,0.478998,0.45816,0.403431,0.378645,0.370709,0.35692,0.317256,0.264778,0.257641,0.252004,0.234598,0.226702,0.222842,0.220923,0.210861,0.199389,0.071459,0.069693,,,,0.043604,0.041252
每股指标,每股经营现金流,0.475744,0.194685,-0.2036,0.822373,-0.037941,-0.15405,-0.396624,1.395908,0.402265,0.079738,-0.402677,0.347356,-0.291239,-0.569634,-0.825867,0.576901,-0.405167,-0.290897,-0.443176,1.469342,0.423125,-0.035625,-0.396406,0.532875,-0.179557,-0.29039,-0.576627,0.318691,-0.575064,-0.378216,-0.44374,0.315387,-0.393856,-0.317861,-0.477416,0.162356,-0.273529,-0.229612,-0.247636,0.173087,-0.582359,-0.480678,-0.451548,-0.014595,-0.754605,-0.803647,-0.59207,0.311024,0.005767,-0.068878,-0.385543,0.863452,0.023091,-0.259627,-0.823823,0.265942,-0.601713,-0.370493,-0.715698,0.88551,-0.345178,-0.183412,-0.648933,0.694638,0.190775,0.049121,-0.192743,0.03992,-0.956115,-0.909547,-0.652357,1.355974,,,,-0.584413,0.472345
每股指标,每股现金流量净额,-1.021948,-0.833944,-0.473376,-1.462278,-2.131595,-1.939851,-0.538504,2.428978,1.065251,1.189746,1.194609,0.086011,-0.13706,-0.364983,-0.203716,0.086531,-0.524706,-0.270071,-0.396174,1.543696,0.711029,0.01547,-0.052123,-0.3223,-0.234546,-0.052486,-0.271936,0.21337,-0.539436,-0.41315,-0.440433,0.340664,-0.16369,-0.174567,-0.158392,0.128882,-0.272856,-0.182394,-0.090599,0.378272,-0.388928,-0.319587,-0.21711,-0.431941,-0.68926,-0.558025,-0.18031,0.957413,0.662207,0.630351,-0.466229,0.390308,-0.376064,-0.503892,-1.006564,-0.383467,-1.173982,-0.794541,-0.796557,0.978737,0.524522,-0.10688,-0.027694,0.210849,0.054344,-0.163255,-0.363499,4.702493,4.23872,4.779743,-0.777161,1.191216,,,,-0.783656,1.022326
每股指标,每股企业自由现金流量,,0.950165,,1.569812,,1.274283,,-0.616202,,-1.491239,,0.615755,,0.338872,,0.360429,,0.072445,,-0.103884,,-0.115534,,0.444238,,0.313637,,0.44369,,0.300597,,0.329344,,0.124756,,0.108592,,0.035044,,0.264275,,0.154158,,0.061422,,-0.31726,,-0.738573,,-0.83101,,0.347588,,0.094412,,0.451623,,,,-0.082514,,,,0.396146,,,,-5.167395,,,,0.076382,,,,0.927508,-1.491507
每股指标,每股股东自由现金流量,,0.799863,,1.343034,,1.018718,,-1.055025,,-1.617339,,0.755836,,0.771978,,0.819328,,0.706597,,0.134687,,0.437801,,-0.042551,,0.749049,,0.458449,,0.561729,,0.677677,,0.579622,,0.284376,,0.165786,,0.695517,,0.25981,,0.024902,,-0.214637,,-0.886469,,-0.926951,,0.668448,,0.357744,,0.078755,,,,0.532015,,,,1.370533,,,,-5.344588,,,,-0.171627,,,,1.827508,-0.891507
每股指标,每股未分配利润,8.048673,7.735406,7.590435,7.400142,7.298135,7.257682,7.253092,7.082795,5.970255,5.783847,5.522112,5.892418,5.6843,5.627181,5.572317,5.453576,5.126528,4.874112,4.707766,4.591737,4.23041,3.738109,3.518152,3.411784,3.085349,2.872353,2.664593,2.559022,2.40795,2.241753,2.170466,2.068518,1.833798,1.674595,1.534054,1.435124,1.239842,1.115743,0.945048,3.177054,2.789619,2.533068,2.321927,2.213836,1.918331,1.731874,1.603025,1.427069,1.087183,0.886759,2.544575,2.288944,1.822596,1.549936,2.780711,2.540752,2.029476,1.75955,3.876122,3.5953,2.917824,2.581089,5.365147,5.087772,4.407521,4.019004,3.829114,3.734652,3.403787,2.839316,3.174779,3.058769,,,,1.513379,1.430418
每股指标,每股资本公积金,2.199885,2.181678,2.189369,2.171593,2.200705,2.191166,2.178242,2.16245,2.714452,2.661666,2.674087,1.30234,1.27271,1.069366,0.98461,0.98162,0.984292,0.865882,0.86365,0.664197,0.617708,0.611096,0.632456,0.626842,0.543893,0.524489,0.516131,0.50079,0.204586,0.204444,0.204688,0.204688,0.205305,0.205949,0.205402,0.203345,0.203238,0.200964,0.197535,1.205706,1.196391,1.195215,1.186845,1.340262,1.355405,1.346688,0.955023,0.955023,0.955022,0.955022,0.251335,0.250207,0.247767,0.245039,1.484623,1.479167,1.457186,1.435205,3.326449,3.282487,3.204787,2.567174,5.580245,5.580245,5.580245,5.580245,5.580245,5.580245,5.580245,5.580245,0.000149,0.000149,,,,0.000149,0.000149
每股指标,每股盈余公积金,0.501349,0.501947,0.499477,0.5,0.500322,0.500324,0.5,0.5,0.471605,0.471605,0.467097,0.512234,0.512234,0.512234,0.518839,0.518839,0.518839,0.518839,0.518661,0.518661,0.518477,0.517644,0.517332,0.517256,0.415792,0.415792,0.415792,0.415786,0.33516,0.33516,0.33516,0.33516,0.247591,0.247591,0.247535,0.247535,0.182198,0.182198,0.182177,0.455442,0.315556,0.315556,0.315491,0.312813,0.249666,0.249666,0.254995,0.254995,0.145584,0.145584,0.298963,0.298963,0.187939,0.187939,0.375878,0.375878,0.264592,0.264592,0.529185,0.529185,0.350105,0.365672,0.731344,0.731344,0.555167,0.555167,0.555167,0.555167,0.390993,0.390993,0.522441,0.522366,,,,0.352791,0.281197
每股指标,每股留存收益,8.550023,8.237354,8.089912,7.900142,7.798457,7.758006,7.753092,7.582795,6.44186,6.255453,5.989209,6.404653,6.196535,6.139416,6.091156,5.972416,5.645367,5.392951,5.226427,5.110398,4.748888,4.255753,4.035484,3.929041,3.501141,3.288145,3.080385,2.974808,2.74311,2.576913,2.505626,2.403678,2.081389,1.922187,1.78159,1.68266,1.42204,1.297941,1.127225,3.632496,3.105175,2.848624,2.637419,2.52665,2.167997,1.981541,1.858021,1.682065,1.232767,1.032343,2.843539,2.587908,2.010535,1.737875,3.156589,2.91663,2.294069,2.024143,4.405307,4.124485,3.267929,2.946762,6.096491,5.819116,4.962689,4.574171,4.384282,4.28982,3.79478,3.230309,3.697221,3.581136,,,,1.866171,1.711615
每股指标,每股营业收入,6.971173,4.624446,1.896327,9.764729,6.818869,4.515526,1.876149,9.779517,6.762389,4.441853,1.808524,10.077067,6.980133,4.644357,1.95287,10.965077,7.174734,4.50986,1.707315,8.835007,5.394771,3.277841,1.165914,8.705701,5.480503,3.605099,1.450477,7.89482,5.185234,3.385604,1.248001,6.500877,4.04425,2.575126,0.9135,4.597172,2.748362,1.707155,0.614787,8.68854,5.025599,2.990164,1.036421,6.265115,3.970169,2.599117,0.998855,4.720301,2.843624,1.772559,1.412711,6.326943,3.928765,2.323471,1.784537,7.901695,5.233974,3.204311,2.355127,10.866226,6.865226,4.271325,3.184565,12.514102,7.758396,4.476285,1.944564,9.461353,6.652017,3.964335,1.583651,8.103703,,,,8.910765,5.862891
每股指标,每股营业总收入,6.971173,4.624446,1.896327,9.764729,6.818869,4.515526,1.876149,9.779517,6.762389,4.441853,1.808524,10.077067,6.980133,4.644357,1.95287,10.965077,7.174734,4.50986,1.707315,8.835007,5.394771,3.277841,1.165914,8.705701,5.480503,3.605099,1.450477,7.89482,5.185234,3.385604,1.248001,6.500877,4.04425,2.575126,0.9135,4.597172,2.748362,1.707155,0.614787,8.68854,5.025599,2.990164,1.036421,6.265115,3.970169,2.599117,0.998855,4.720301,2.843624,1.772559,1.412711,6.326943,3.928765,2.323471,1.784537,7.901695,5.233974,3.204311,2.355127,10.866226,6.865226,4.271325,3.184565,12.514102,7.758396,4.476285,1.944564,9.461353,6.652017,3.964335,1.583651,8.103703,,,,8.910765,5.862891
每股指标,每股息税前利润,1.208517,0.869255,0.212783,0.920929,0.794121,0.564501,0.192435,2.49439,0.913438,0.698334,0.164866,0.796864,0.619354,0.561667,0.122663,1.191007,0.824061,0.561522,0.144653,1.441097,1.021742,0.525385,0.118796,1.209243,0.688593,0.481779,0.118632,0.96326,0.611511,0.449519,0.155992,0.936784,0.579024,0.404228,0.109715,0.706356,0.381474,0.289327,0.086396,1.363065,0.700592,0.462503,0.091198,1.076923,0.660583,0.478847,0.199075,0.985044,0.595008,0.379914,0.292674,1.363387,0.747932,0.459859,0.263718,1.493629,0.81154,0.531165,0.300152,2.085364,1.075614,0.652594,0.273898,1.918178,0.853392,0.548052,0.051594,1.670036,1.181805,0.652757,0.131372,1.977221,,,,1.102475,0.995235
盈利能力,净资产收益率(ROE),9.55,6.72,1.8,8.19,7.16,5.1,1.6,22.43,8.52,6.7,1.9,9.49,6.97,6.27,1.49,15.58,11.36,7.92,1.74,22.09,16.51,8.35,2.01,22.74,13.99,9.4,2.47,22.16,14.23,9.91,2.78,25.47,16.24,11.29,3.42,24.8,15.35,10.43,3.26,23.59,13.75,8.56,1.97,24.44,15.22,11.5,4.72,35.09,21.7,15.64,6.45,38.51,22.59,13.94,4.35,28.36,16.21,10.37,3.27,26.4,15.55,9.11,2.21,15.1,,4.57,,19.4,,11.76,,46.05,,,,30.57,44.27
盈利能力,摊薄净资产收益率,9.24956,6.673547,1.777961,8.065185,7.116199,5.110869,1.587867,21.204111,7.904972,6.103966,1.568804,8.9963,6.739974,6.238821,1.481971,14.30463,10.587556,7.641801,1.676656,19.737888,15.248915,8.055557,1.988139,20.380638,13.285994,9.137878,2.434803,20.04497,13.659187,9.856855,2.744583,22.727193,15.156283,10.837503,3.362862,22.158515,14.302056,9.979218,3.260254,21.136768,12.979421,8.332779,1.948228,21.963347,13.684333,9.993466,4.614568,27.129615,16.859018,11.281037,6.242684,32.68,20.78444,13.56,4.253668,25.1,15.402799,10.358019,3.21609,22.19,13.500007,9.014575,2.18806,14.15,7.78,4.57,0.86,14.34,10.74,5.6,2.41,37.43,,,,33.3,30.91
盈利能力,净资产收益率_平均,9.523001,6.770941,1.795467,8.214396,7.22165,5.160976,1.601776,24.314339,8.83964,6.789333,1.725605,9.399996,6.947781,6.335508,1.493667,15.572074,11.307686,7.961991,1.716277,22.039612,16.53583,8.389051,2.009988,22.561539,14.036767,9.465632,2.470342,21.913842,14.270896,10.091226,2.783498,25.436241,16.259799,11.359331,3.421545,24.782919,15.311282,10.433782,3.287506,23.467879,13.755681,8.613972,1.967688,24.386898,15.313226,10.965229,4.723554,35.841237,21.255712,13.878883,6.444734,38.385659,22.739996,14.243034,4.348251,28.218516,16.345001,10.663949,3.277035,26.011403,15.047454,9.237398,2.212263,15.078125,8.012039,4.625322,0.865251,21.06635,15.580351,8.003587,2.347241,46.054046,,,,34.225117,30.910956
盈利能力,净资产收益率_平均_扣除非经常损益,6.88594,4.912071,1.383786,6.636017,6.417077,5.025927,1.431196,9.781833,8.198832,6.029153,1.386838,6.391958,6.499504,5.234149,1.452245,14.304394,10.075915,6.975528,1.537879,15.445329,10.162977,7.906683,1.899295,21.350073,12.93145,8.699833,2.233515,21.616635,14.814468,10.329699,2.737663,25.026483,15.988825,11.215817,3.40041,23.343259,15.024418,10.206102,3.161068,23.093204,13.50691,8.425791,1.875366,23.579472,14.883449,10.623869,4.367834,35.322956,20.900041,13.588439,6.17268,37.599709,22.07279,13.46885,3.989224,27.376497,16.219943,10.472056,3.142476,25.316178,14.680142,8.980867,1.976499,13.568172,7.690257,4.367607,0.873696,19.73786,15.887878,8.313389,,43.774552,,,,25.560037,25.399551
盈利能力,摊薄净资产收益率_扣除非经常损益,6.68822,4.841415,1.370294,6.515477,6.323375,4.977132,1.418768,8.530566,7.33192,5.420524,1.26082,6.117447,6.305105,5.15427,1.440874,13.14013,9.434231,6.695008,1.502377,13.832284,9.372035,7.592365,1.878649,19.286278,12.239796,8.398596,2.201383,19.773109,14.17946,10.089788,2.699389,22.361076,14.9037,10.700581,3.342091,20.871309,14.034101,9.761458,3.134863,20.79931,12.744689,8.150741,1.85682,21.236163,13.300272,9.682358,4.267056,26.737308,16.576916,11.044959,5.97916,32.02,20.174611,12.83,3.902451,24.35,15.28495,10.171631,3.084033,21.6,13.170469,8.764233,1.954876,12.731445,7.47,4.31,0.87,13.44,10.95,5.82,2.41,35.58,,,,24.87,25.4
盈利能力,息税前利润率,17.335924,18.796955,11.220809,9.431186,11.645943,12.501349,10.25693,25.506269,13.507623,15.721691,9.116094,7.907704,8.873103,12.093541,6.281199,10.861826,11.485609,12.450995,8.472542,16.31122,18.939501,16.028394,10.189125,13.890244,12.564416,13.363845,8.178831,12.20117,11.793321,13.277372,12.499351,14.410124,14.317238,15.697432,12.010451,15.365023,13.880066,16.94791,14.053091,15.688089,13.940466,15.467507,8.799409,17.189211,16.638679,18.423449,19.930368,20.868261,20.924293,21.433117,20.717184,21.54891,19.037351,19.791924,14.777946,18.902641,15.505243,16.576588,12.744632,19.191247,15.667568,15.278504,8.600802,15.328134,10.999595,12.243469,2.65326,17.651138,17.766128,16.465742,8.295556,24.398983,22.236725,19.20097,5.962752,12.372394,16.975168
盈利能力,总资产报酬率,7.574566,5.554131,1.359997,5.747217,5.034437,3.605583,1.233147,16.578818,6.335715,4.837818,1.160272,5.352789,4.256433,3.919502,0.851474,8.844371,6.317282,4.404102,1.16502,13.050009,9.857745,5.335119,1.231266,12.991875,7.606719,5.370856,1.378319,12.110923,7.922567,5.982694,2.142263,14.798468,9.799696,7.24105,2.102958,15.243977,9.052811,7.173746,2.222566,16.221044,9.627904,6.542923,1.365148,17.981723,12.165168,8.764091,3.648513,23.957531,16.548695,11.008742,4.835882,26.857319,16.176431,10.552336,3.245941,20.601707,12.330769,8.072998,2.371799,19.810577,10.937809,6.8623,1.53367,12.655546,6.083704,4.132235,0.397318,17.279731,12.474706,7.070004,1.616782,29.151975,,,,18.182636,16.18969
盈利能力,总资本回报率,10.458877,7.601377,1.881121,8.201289,7.060047,5.068264,1.723384,24.870238,9.276479,7.099551,1.693307,8.654345,6.707918,6.172583,1.329101,14.991635,10.482701,7.322036,1.936868,23.161366,16.705369,8.931082,2.088418,23.481096,13.079606,9.159008,2.307361,21.197744,13.078856,9.88794,3.480186,24.868511,15.653397,11.286419,3.207425,25.122174,14.336181,11.192427,3.491089,25.510289,14.010155,9.555033,1.965331,26.225818,16.098704,11.7766,5.197737,34.358134,22.51688,14.783728,6.71882,38.972864,23.170589,15.126827,4.649954,29.102922,16.54763,11.054414,3.13036,26.291388,14.463372,9.255066,1.980785,15.824659,7.511563,4.930958,0.472592,23.061432,16.774503,9.651523,2.715226,48.261917,,,,33.01763,30.051525
盈利能力,投入资本回报率,9.276652,6.552684,1.763594,7.975004,6.979473,5.013862,1.574455,22.570719,8.223191,6.278742,1.626445,8.787464,6.39494,5.749112,1.398184,14.608071,10.485151,7.349101,1.627261,21.305044,15.697978,7.960806,1.987049,21.474343,12.596657,8.341172,2.282453,19.408474,12.114839,8.578435,3.204594,22.455564,14.485817,9.839852,2.991547,22.82663,13.429706,9.764501,3.075769,22.187282,12.007844,8.272859,1.761385,23.933352,14.648843,10.744148,4.340346,34.531107,19.943628,13.225369,5.967851,36.185264,20.507879,13.337933,4.144852,26.633682,14.264862,9.776303,2.832004,23.772091,13.089169,8.341754,1.810847,14.507789,6.901669,4.59344,0.476649,20.897397,14.543538,7.866629,2.009196,42.638597,,,,30.179236,25.898322
盈利能力,息前税后总资产报酬率_平均,6.970396,5.027508,1.378769,5.614101,5.081287,3.67123,1.175598,15.274658,5.861325,4.413585,1.109402,5.296698,4.08558,3.704506,0.869499,8.700257,6.349351,4.504811,1.01113,12.10222,9.242562,4.761459,1.141186,11.783959,7.153123,4.764016,1.3211,11.361983,7.394299,5.221814,1.40417,13.352025,8.430288,6.293338,1.824682,13.739056,8.721117,6.263909,1.90223,14.198583,9.004634,5.658961,1.335052,16.432523,11.416804,8.001855,3.223162,24.061523,14.922685,9.828551,4.205282,24.812634,14.53823,9.203601,2.912889,18.734037,11.070568,7.126957,2.216394,17.867151,10.239334,6.177788,1.549265,11.594748,6.392507,3.840707,0.718121,16.18469,11.664334,5.917247,1.391475,25.762818,,,,16.95689,15.20434
盈利能力,毛利率,41.652702,41.60903,40.12613,38.840532,40.805842,41.268263,41.886382,42.036169,42.648353,42.843742,42.527403,37.871526,37.527901,37.513147,39.028776,38.912074,40.57219,41.423831,40.904995,42.702526,44.99,48.169549,49.232509,41.122259,40.974281,40.37487,37.447871,37.161425,36.371339,36.518298,38.973778,38.233859,39.138198,39.447505,39.74637,37.705214,38.548642,38.445637,38.700392,37.221329,38.175108,38.157354,37.879348,38.140913,37.743242,37.886719,41.780569,42.821248,43.382612,43.947426,42.252775,42.671027,42.25143,41.65142,40.150343,42.270531,40.707429,41.16393,42.233387,43.272361,41.925001,42.180353,42.073789,38.805856,38.23058,39.256466,40.217108,38.840098,39.032249,37.462035,37.504642,41.147469,40.938363,40.211848,39.423457,33.832814,33.831851
盈利能力,销售净利率,16.007087,17.117638,11.29855,9.071124,11.577595,12.533964,9.484631,23.201917,12.148478,13.942345,8.194679,7.400042,8.054774,10.955267,5.886797,10.389818,11.221716,12.405855,7.031149,14.869063,17.435671,13.932578,8.828401,12.087676,11.142294,11.147501,7.024518,10.96352,10.486127,11.09394,8.192843,12.612654,12.316549,13.126158,10.421155,13.58046,13.371503,14.351661,12.027638,13.704567,13.038019,13.356355,8.605416,15.606697,15.615118,16.654656,17.606845,20.889447,18.868354,18.973918,18.015659,19.728375,17.109422,17.26224,13.261646,17.030629,13.920612,14.389003,11.909582,17.122984,14.667056,13.731268,8.688258,14.009293,11.557924,11.353169,4.795563,16.461271,16.612019,13.733746,7.139527,21.16904,21.273869,17.449447,5.334733,10.94193,15.610109
盈利能力,成本费用利润率,19.66943,21.804828,11.969839,10.027337,12.671012,13.899457,10.608304,28.217109,15.031067,17.90239,9.22118,7.991269,9.225831,13.043736,6.094993,11.809927,12.488046,13.817609,8.821077,18.050286,20.736034,18.014473,10.005003,15.335048,13.253024,14.268546,7.65444,13.186515,12.606607,14.596696,9.857478,15.982352,15.04623,17.342385,12.38833,17.212616,16.20605,19.040344,14.704357,18.322265,17.32132,17.740027,10.353623,19.97519,19.832041,21.705483,24.889596,25.985295,26.622728,26.443358,24.667134,26.392663,23.668985,24.064757,17.534643,22.633012,19.615958,19.86034,15.058477,22.939408,19.01142,17.81354,10.392515,17.507552,14.016594,13.65902,5.082687,20.396087,22.386115,19.267487,9.8445,29.903417,27.287775,21.76083,5.337474,12.923185,19.163043
盈利能力,营业利润率,17.38789,18.890647,11.158725,9.260133,11.440819,12.283843,9.929254,25.268314,13.149591,15.299447,8.558525,7.459725,8.391418,11.614209,5.733576,10.574509,11.17521,12.109505,8.127322,16.084617,18.648797,15.716111,9.707702,13.372682,11.830912,12.591222,7.221385,11.409218,11.121598,12.751586,9.133887,13.968378,13.196653,14.966714,4.119982,10.752977,9.686568,11.612856,4.904642,11.925346,11.01156,10.914655,5.804893,12.651121,11.853237,13.660414,13.6902,17.334623,17.593103,17.059303,14.938882,17.1061,15.354034,15.543669,10.909624,14.963337,15.203007,14.917239,9.980648,15.79565,13.218496,12.616559,7.125429,10.881925,9.295986,9.167193,3.641443,12.817917,15.364033,12.789409,6.77951,19.222827,18.303011,14.146551,-0.844386,7.244486,11.516426
盈利能力,总资产净利率_平均,6.741933,4.818295,1.265679,5.502344,4.900584,3.51064,1.091281,14.852283,5.45322,4.155197,1.048053,5.147575,3.836136,3.496686,0.824241,8.377862,6.141543,4.303706,0.934483,11.798057,9.09575,4.631568,1.09715,11.403489,6.918468,4.607378,1.22613,10.609102,6.988726,4.967417,1.40007,12.963132,8.433723,6.074586,1.896226,13.585473,8.754098,6.069414,1.909504,14.079622,9.016999,5.655861,1.333973,16.303617,11.399311,7.91656,3.224787,23.998472,14.947303,9.765373,4.2238,24.711979,14.647042,9.283385,2.953499,18.681146,11.119571,7.020259,2.219044,17.720703,10.258561,6.174687,1.553136,11.574306,6.400774,3.840436,0.727434,16.128624,11.762026,5.955078,1.436583,25.285294,,,,15.743064,13.635686
盈利能力,总资产净利率_平均(含少数股东损益),6.993959,5.057926,1.36942,5.527801,5.00489,3.614989,1.140296,15.081012,5.698211,4.290284,1.042997,5.009148,3.863881,3.550589,0.798009,8.460032,6.172136,4.388135,0.966821,11.896192,9.075022,4.637518,1.066835,11.30589,6.745742,4.480119,1.183791,10.882427,7.044415,4.998854,1.40417,12.952557,8.430288,6.05495,1.824682,13.473473,8.721117,6.074801,1.90223,14.170138,9.004634,5.649883,1.335052,16.326246,11.416804,7.92267,3.223162,23.981853,14.922685,9.745618,4.205282,24.588309,14.53823,9.203601,2.912889,18.561429,11.070568,7.007618,2.216394,17.675568,10.239334,6.167363,1.549265,11.566656,6.392507,3.831754,0.718121,16.1149,11.664334,5.896949,1.391475,25.29283,,,,16.080407,14.887796
成长能力,归母净利润,3535468570.41,2475566750.61,653304288.99,2905728684.03,2545010271.97,1809589445.46,561037985.01,7361892404.52,2590132339.63,1976018373.13,495351177.84,2324356092.2,1693101190.89,1519848967.71,355574576.71,3378410889.6,2399047215.98,1643175887.55,347573484.46,3902778775.35,2825124363.85,1368974364.44,317916471.89,3188144692.55,1877352423.8,1238880948.74,316343906.02,2529426468.61,1563681387.58,1081916886.52,295523140.67,2378726820.22,1444493831.26,983001211.23,286838396.38,1825199447.95,1069555716.91,709741024.33,215240055.79,1372301211.87,761185688.48,463807123.29,103404954.02,1142678484.61,724596498.69,506330773.81,201668480.66,1130921915.51,615966667.45,386253535.92,142673089.17,700155145.05,377997722.57,225809636.69,66967705.04,377983123.52,204238399.55,128907294.9,39185843.2,260294585.96,140770590.57,78450422.95,18528630.06,117187030.35,59977669.47,34024690.7,6310066.13,104126860.63,74434533.37,36727892.08,5836523.44,89846549.66,54995802.43,24556167.89,2779527.07,47727776.14,41911617.72
成长能力,营业总收入,22912542319.59,15181329651.13,6256129778.73,32180931827.17,22450081877.91,14866622569.81,6180916716.7,32218317636.77,22278484044.04,14633547280.64,6015629882.58,30565370012.64,21171868473.02,14087085840.97,5847968885.65,32835479336.85,21485105535.26,13505005733.89,5114399101.72,26465968181.1,16166204673.11,9838328853.62,3501562275.8,26149430652.42,16428235097.23,10806566370.89,4347918104.26,23665688106.22,15030729066.2,9814041352.48,3617652691.4,18844458053.78,11723294881.29,7464664934.38,2648612419.36,13329094010.82,7968634527.28,4949746889.51,1782728113.94,10077833438.49,5830194178.29,3468887211.13,1202598595.55,7331881449.46,4647473079.69,3042521916.96,1144820982.71,5410094042.8,3259172104.41,2031589599.46,788467237.58,3531214471.62,2192882979.01,1296870812.88,498029565.17,2205208207.08,1460699765.06,894260544.45,328634906.66,1516275445.16,957975121.68,570649139.52,212729003.42,835942072.07,518260863.69,299015862.0,129896906.78,632018390.77,444354759.21,264817613.74,79182563.64,405185173.71,257689679.09,139893683.98,50910017.09,445538267.0,293144590.5
成长能力,净利润,3667630737.35,2598685138.93,706851986.58,2919172272.03,2599179662.75,1863377131.18,586237198.91,7475267485.55,2706496803.38,2040259661.87,492961559.17,2261850253.32,1705346279.36,1543277888.54,344258099.6,3411546572.58,2410997739.66,1675411526.05,359601058.2,3935241656.29,2818686408.8,1370732897.65,309131986.37,3160858484.54,1830482376.44,1204662193.99,305420296.81,2594592680.34,1576141432.68,1088763872.17,296388605.42,2376786346.1,1443905470.23,979823725.39,276016025.53,1810152288.31,1065526240.29,710370933.78,214420096.46,1381123509.9,760141858.83,463316918.9,103488622.68,1144264528.4,725708437.43,506721565.91,201566864.57,1130138728.33,614952161.37,385472147.59,142047575.32,696651234.16,375189607.7,223868963.06,66046922.8,375560849.13,203338351.15,128675182.18,39139044.17,259631611.79,140506749.39,78357365.42,18482445.69,117109577.25,59900200.64,33947778.5,6229289.06,104038260.94,73816300.71,36369378.73,5653261.28,89872104.67,54820564.89,24410675.39,2715913.68,48750486.96,45760191.91
成长能力,扣非净利润,2556444810.28,1795933411.7,503508968.09,2347399066.67,2261467748.56,1762237469.53,501290511.61,2961742139.01,2402367085.12,1754769829.96,398105107.61,1580552515.57,1583860680.57,1255639844.11,345713991.57,3103383711.14,2137713932.42,1439592047.22,311445134.94,2735061861.04,1736331079.79,1290258785.1,300408224.85,3016953888.25,1729521354.66,1138651748.03,286016593.97,2495121029.76,1623241371.03,1107484389.0,290656854.31,2340407357.44,1420420938.76,970581936.99,285066653.29,1719172124.08,1049517093.71,694253492.1,206961873.43,1350391817.72,747419669.33,453674808.67,98553311.01,1104845551.99,704260161.69,490568103.19,186481304.9,1114568260.74,605659701.73,378170390.26,136650379.89,685819391.22,366907022.5,213535689.51,61438313.05,366704384.83,202675746.14,126587667.66,37576817.37,253337502.41,137334347.69,76271786.99,16554010.39,105451689.12,57568827.22,32128894.72,6371654.66,97560392.67,75903732.15,38149551.32,,81504059.33,,,,35644107.43,34438801.83
成长能力,营业总收入增长率,2.059949,2.11687,1.216859,-0.116038,0.77024,1.592746,2.747623,5.407909,5.22682,3.879165,2.866995,-6.913586,-1.457926,4.310106,14.343225,24.066798,32.901357,37.269305,46.060492,1.210494,-1.595,-8.959714,-19.465772,10.49512,9.297659,10.113316,20.186166,25.584339,28.212496,31.4733,36.586714,41.378386,47.117989,50.809023,48.570743,32.261503,36.678715,42.689761,48.239663,37.452214,25.448691,14.013548,5.046868,35.522255,42.596737,49.760656,45.195758,53.207744,48.624989,56.653197,58.317355,60.13066,50.12551,45.021584,51.544937,45.435858,52.477839,56.709347,54.485237,81.385229,84.844195,90.84243,63.767566,32.265466,16.632229,12.913887,64.047361,55.982605,72.437934,89.299192,55.534348,-9.057155,,,,51.985839,
成长能力,归属母公司净利润增长率,38.917654,36.802674,16.445642,-60.530139,-1.742075,-8.422438,13.260654,216.728251,52.981543,30.014127,39.310066,-31.199721,-29.426099,-7.505399,2.301985,-13.435757,-15.081712,20.029704,9.328554,22.415359,50.484497,10.500881,0.497106,26.042197,20.059779,14.507959,7.045392,6.335307,8.251164,10.062619,3.027748,30.326952,35.0555,38.501393,33.264412,33.00283,40.5118,53.025037,108.152556,20.09513,5.049595,-8.398393,-48.725277,1.039556,17.635667,31.087673,41.350048,61.524474,62.955126,71.052724,113.047601,85.234498,85.076715,75.172116,70.8977,45.213594,45.085986,64.316889,111.488075,122.118936,134.705002,130.569099,193.636067,12.542555,-19.422253,-7.360077,8.113437,15.894111,35.345844,49.566871,109.982608,79.661125,,,,13.877198,
收益质量,经营活动净现金/销售收入,0.068244,0.042099,-0.107365,0.084218,-0.005564,-0.034115,-0.211403,0.142738,0.059485,0.017951,-0.222655,0.034469,-0.041724,-0.12265,-0.422899,0.052612,-0.056471,-0.064502,-0.259575,0.166309,0.078432,-0.010868,-0.339996,0.061209,-0.032762,-0.080549,-0.397543,0.040367,-0.110904,-0.111713,-0.35556,0.048514,-0.097386,-0.123435,-0.522622,0.035316,-0.099524,-0.134499,-0.4028,0.019921,-0.115878,-0.160753,-0.43568,-0.002329,-0.190068,-0.3092,-0.592749,0.06589,0.002028,-0.038858,-0.27291,0.136472,0.005877,-0.111741,-0.461645,0.033656,-0.114962,-0.115623,-0.303889,0.081492,-0.050279,-0.04294,-0.203774,0.055508,0.024589,0.010973,-0.099119,0.004219,-0.143733,-0.229432,-0.411932,0.167327,0.014314,-0.153184,-0.257077,-0.065585,0.080565
收益质量,经营性现金净流量/营业总收入,0.068244,0.042099,-0.107365,0.084218,-0.005564,-0.034115,-0.211403,0.142738,0.059485,0.017951,-0.222655,0.034469,-0.041724,-0.12265,-0.422899,0.052612,-0.056471,-0.064502,-0.259575,0.166309,0.078432,-0.010868,-0.339996,0.061209,-0.032762,-0.080549,-0.397543,0.040367,-0.110904,-0.111713,-0.35556,0.048514,-0.097386,-0.123435,-0.522622,0.035316,-0.099524,-0.134499,-0.4028,0.019921,-0.115878,-0.160753,-0.43568,-0.002329,-0.190068,-0.3092,-0.592749,0.06589,0.002028,-0.038858,-0.27291,0.136472,0.005877,-0.111741,-0.461645,0.033656,-0.114962,-0.115623,-0.303889,0.081492,-0.050279,-0.04294,-0.203774,0.055508,0.024589,0.010973,-0.099119,0.004219,-0.143733,-0.229432,-0.411932,0.167327,0.014314,-0.153184,-0.257077,-0.065585,0.080565
收益质量,成本费用率,88.410547,86.677584,93.097909,92.642415,90.51541,88.538349,93.919878,89.337102,87.551123,85.580719,93.202393,93.638514,91.167288,89.074414,94.402565,89.473924,89.392773,87.722392,92.39585,88.938781,89.783858,86.908095,95.690523,87.245356,89.726858,88.708744,96.206237,88.863822,89.417341,87.571573,92.911473,87.728884,88.988968,87.534936,93.944308,87.710845,88.236827,86.664109,93.478889,85.472941,86.877179,87.068895,91.867262,85.544206,86.172087,84.112347,83.984207,80.0409,79.972012,80.44233,82.743985,80.965392,82.070296,82.080487,85.840282,82.818269,82.184098,82.231945,87.249974,82.851546,85.123645,85.638756,90.910248,87.357212,88.937252,89.442305,95.126308,86.192258,82.943391,85.213326,92.483956,80.277189,81.848979,87.354245,99.948649,91.122967,86.850845
收益质量,期间费用率,30.06325,28.286615,33.224039,31.482948,31.321253,29.806612,35.806261,31.373272,30.199477,28.424462,35.729797,31.510041,28.695189,26.587561,33.431342,28.385998,29.964963,29.146224,33.300845,31.641308,34.773858,35.077644,44.923032,28.367616,30.70114,29.083615,33.654109,26.025248,25.78868,24.089871,31.885252,25.962744,28.127166,26.982442,33.690679,25.416059,26.785469,25.109747,32.179281,22.69427,25.052287,25.226249,29.746611,23.68512,23.915329,21.999067,25.764777,22.862148,23.354624,24.389757,24.99676,23.63642,24.321726,23.731907,25.990625,25.0888,22.891528,23.395876,29.483361,26.123908,27.048647,27.819109,32.984038,26.163068,27.167832,28.698772,35.343417,25.032356,21.97564,22.675361,29.988599,21.424658,22.787342,27.566093,39.372107,24.955781,20.682696
收益质量,销售成本率,58.347297,58.390969,59.873869,61.159467,59.194157,58.731736,58.113617,57.96383,57.351646,57.156257,57.472596,62.128473,62.472098,62.486852,60.971223,61.087925,59.427809,58.576168,59.095004,57.297473,55.009999,51.83045,50.76749,58.87774,59.025718,59.625129,62.552128,62.838574,63.62866,63.481701,61.026221,61.76614,60.861801,60.552494,60.253629,62.294785,61.451357,61.554362,61.299607,62.77867,61.824891,61.842645,62.120651,61.859086,62.256757,62.11328,58.21943,57.178751,56.617387,56.052573,57.747224,57.328972,57.748569,58.348579,59.849656,57.729468,59.29257,58.836069,57.766612,56.727638,58.074998,57.819646,57.92621,61.194143,61.769419,60.743533,59.782891,61.159901,60.96775,62.537964,62.495357,58.85253,59.061636,59.788151,60.576542,66.167185,66.168148
收益质量,经营活动净现金/归属母公司的净利润,0.442276,0.258172,-1.02815,0.932722,-0.049082,-0.280276,-2.329015,0.624673,0.511654,0.132942,-2.703961,0.453281,-0.521751,-1.136819,-6.955226,0.511353,-0.50574,-0.530137,-3.819538,1.127794,0.448814,-0.078108,-3.744749,0.502048,-0.2867,-0.702623,-5.463949,0.37768,-1.066055,-1.013346,-4.352603,0.384336,-0.790375,-0.937337,-4.825803,0.257909,-0.741499,-0.938004,-3.336203,0.146297,-0.887556,-1.202299,-5.06696,-0.014948,-1.219077,-1.857973,-3.364889,0.315207,0.010731,-0.204383,-1.508208,0.688294,0.034096,-0.641753,-3.433192,0.196355,-0.822207,-0.802106,-2.54859,0.474709,-0.342161,-0.312348,-2.339556,0.395963,0.212475,0.096438,-2.040433,0.02561,-0.858049,-1.654267,-5.588581,0.790671,0.067074,-0.872676,-4.708645,-0.612235,0.563501
收益质量,所得税/利润总额,7.951554,9.429997,-1.389852,2.351496,-0.944929,-1.849562,4.804381,7.959389,7.685415,8.998432,4.650508,1.107382,4.234551,5.70949,-2.310938,1.674938,-0.522296,-2.348938,13.731499,7.379241,6.348504,11.008262,7.786202,9.652667,6.300519,11.929311,4.610651,6.438968,6.975965,13.210319,10.546067,10.045443,8.013265,13.533602,10.4568,10.047282,6.491053,13.026265,12.497434,12.490032,13.358707,13.528966,9.527041,8.666632,8.628395,8.776556,15.77014,-0.435517,11.377611,10.801866,11.733678,7.677264,11.921541,12.607177,11.893207,9.142204,13.650266,11.894408,9.353684,9.905842,9.368707,9.990143,8.039946,8.400727,7.284224,7.070286,0.815078,6.362839,10.533197,16.351836,21.583149,11.816325,4.749978,8.204329,,7.082717,6.207652
财务风险,流动比率,2.758218,2.907818,2.872584,2.501291,2.6488,2.722353,2.981333,2.51757,2.630445,2.544425,2.433742,1.844862,1.957705,2.040365,2.102359,1.924215,1.992281,2.046108,2.011898,1.985548,2.159539,2.123882,2.064358,1.83345,1.751755,1.711028,1.776296,1.69328,1.751183,1.761407,1.864757,1.770447,1.834105,1.929637,2.104107,1.933004,2.169398,2.280284,2.256953,2.080633,2.70389,2.745851,3.474426,2.837897,4.246809,3.534226,2.70488,2.830199,3.506161,3.56807,2.508713,2.199627,2.30056,2.361953,2.77861,2.495796,2.837187,2.512799,2.87857,2.587993,2.651071,2.426066,2.868371,3.055061,3.708182,4.822826,5.44042,5.320447,5.268946,4.873481,2.12826,2.105524,,,,1.62248,1.600804
财务风险,速动比率,2.24257,2.423074,2.411879,2.151842,2.19994,2.281758,2.54888,2.190621,2.199666,2.117449,1.982627,1.45671,1.548154,1.624434,1.648408,1.533107,1.469932,1.555847,1.58595,1.649442,1.731933,1.707327,1.603535,1.527031,1.427364,1.444123,1.503332,1.451721,1.385254,1.430448,1.463654,1.487465,1.434252,1.554696,1.65899,1.604818,1.666567,1.85841,1.812544,1.764134,2.03216,2.059676,2.650337,2.308609,3.146367,2.685307,1.989767,2.288488,2.738233,2.84044,1.721307,1.624575,1.594073,1.499138,1.652251,1.686752,1.912139,1.739455,2.056956,1.961059,1.877988,1.739661,2.110555,2.352688,2.92083,3.854519,4.301038,4.312732,4.133411,3.940814,1.216232,1.479783,,,,1.182705,1.067825
财务风险,保守速动比率,2.023524,2.185697,2.21,1.96334,2.022568,2.103304,2.367405,2.027093,2.005979,1.952976,1.802921,1.290177,1.392349,1.44859,1.456594,1.334005,1.260149,1.323803,1.344331,1.402562,1.422093,1.479349,1.361812,1.302791,1.294225,1.316641,1.368553,1.331876,1.256138,1.294943,1.322213,1.369881,1.314074,1.431145,1.526908,1.505369,1.537985,1.73531,1.710268,1.632042,1.873777,1.884821,2.385334,1.893145,2.813639,2.452204,1.910452,2.23173,2.651972,2.752337,1.62876,1.574715,1.45692,1.385047,1.505658,1.613648,1.79623,1.610372,1.945325,1.880847,1.75704,1.626455,1.984182,2.273821,2.770814,3.709718,4.1663,4.186023,3.809369,3.833907,1.119585,1.413494,,,,0.795586,0.979602
财务风险,资产负债率,25.159466,24.271198,24.845388,29.50874,27.515832,27.106841,26.942033,32.14299,31.249168,32.350368,33.790872,43.315175,42.001991,41.951767,42.053,45.137064,44.180644,44.577574,43.977363,44.791301,41.905757,41.159351,42.520195,45.961925,48.375921,49.490514,47.387313,51.032364,50.194201,49.892563,47.803974,50.344572,48.874323,46.003045,41.365321,45.16747,40.655696,38.629682,38.860372,42.918207,33.952622,33.689672,29.19923,34.780221,20.70139,25.012206,32.476424,30.75293,24.476007,24.01893,31.799759,36.785972,36.906739,35.585468,30.156775,33.238686,29.631604,33.956675,30.416746,33.935853,34.079053,36.84663,30.767119,28.606514,23.600163,17.857227,15.819183,16.023851,17.472603,18.822139,39.174586,39.555786,,,,51.983238,52.289761
财务风险,权益乘数,1.412502,1.405256,1.418579,1.49289,1.47363,1.470095,1.467793,1.637077,1.620994,1.633937,1.646485,1.826101,1.81114,1.81186,1.812171,1.858716,1.841179,1.850031,1.836604,1.868071,1.817973,1.811276,1.832007,1.978476,2.028883,2.05445,2.014746,2.065569,2.041988,2.031483,1.988112,1.962198,1.92795,1.869976,1.804396,1.824221,1.749041,1.719075,1.721653,1.666797,1.525527,1.523016,1.475058,1.495796,1.343346,1.3851,1.464764,1.493479,1.422043,1.421234,1.525814,1.553321,1.552531,1.53425,1.472237,1.510534,1.46993,1.519025,1.476777,1.467853,1.466819,1.49601,1.424384,1.302723,1.251729,1.204374,1.189456,1.306146,1.324631,1.343993,1.633905,1.821376,,,,2.17398,2.266916
财务风险,权益乘数(含少数股权的净资产),1.336174,1.320501,1.33059,1.418615,1.379611,1.37187,1.368776,1.473687,1.454527,1.478204,1.510365,1.76414,1.724197,1.722705,1.725714,1.822724,1.791493,1.804323,1.784992,1.811308,1.72134,1.699505,1.739741,1.850547,1.93708,1.979826,1.900682,2.042165,2.007798,1.995711,1.915854,2.013878,1.955964,1.851956,1.705475,1.823734,1.685081,1.629452,1.6356,1.751872,1.514064,1.50806,1.412414,1.533277,1.261056,1.33355,1.480964,1.444104,1.324082,1.316117,1.46627,1.581927,1.584955,1.552444,1.431778,1.497873,1.421092,1.514157,1.437127,1.51368,1.516968,1.583446,1.4444,1.400688,1.308903,1.217392,1.187919,1.190814,1.211718,1.231862,1.644049,1.654418,,,,2.082606,2.095986
财务风险,产权比率,34.322609,32.728489,34.14487,43.193303,39.225839,38.439872,38.08029,48.958056,46.48551,48.824098,51.662662,77.542586,73.929484,73.833913,74.004578,84.197909,80.975363,82.440257,80.175425,82.897722,73.636446,71.569895,75.486766,86.866179,95.586211,100.120822,92.092381,106.566217,102.66633,101.032773,92.708744,102.616117,96.86389,86.210316,72.197373,84.261305,70.304738,64.547599,64.98721,76.043064,51.487877,50.909098,41.333566,53.413589,26.137185,33.392444,48.153538,44.466816,32.45314,31.660602,46.726718,58.342441,58.695164,55.479198,43.399794,50.085395,42.367658,51.701025,43.791316,51.422201,51.777967,58.465821,44.537326,40.068802,30.891213,21.739914,18.79239,19.084045,21.158741,23.180266,64.406285,65.49554,,,,108.439987,118.536499
财务风险,现金比率,0.662254,0.747139,0.825477,0.766364,0.695988,0.768873,1.107775,0.979293,0.822212,0.814982,0.794068,0.426141,0.437301,0.423551,0.47301,0.444148,0.372645,0.449241,0.475069,0.509758,0.425349,0.374037,0.281827,0.246138,0.284387,0.334511,0.308654,0.331047,0.179136,0.232826,0.292253,0.364342,0.291546,0.318341,0.338647,0.410677,0.312933,0.405723,0.469452,0.366186,0.332391,0.409297,0.57147,0.555242,0.798604,0.768199,0.794918,0.995461,1.261243,1.410204,0.608666,0.73536,0.507148,0.414075,0.374656,0.671937,0.601956,0.732533,1.141691,1.209073,1.02353,0.914189,1.266289,1.444567,1.755395,2.491465,2.854987,2.991138,2.556265,2.693893,0.329689,0.591965,,,,0.186154,0.423798
营运能力,应收账款周转率,1.3815,0.924655,0.381876,1.93146,1.34199,0.902891,0.390512,2.033425,1.419231,0.930938,0.401877,2.033191,1.422435,0.94398,0.408815,2.386992,1.63825,1.053573,0.407884,2.028143,1.28646,0.782117,0.283116,2.231887,1.504999,1.013448,0.432788,2.669366,1.757367,1.180885,0.484374,2.741909,1.762405,1.136179,0.437423,2.384382,1.512889,0.961961,0.372865,2.606182,1.800811,1.146597,0.435715,3.001032,1.962593,1.265175,0.520378,3.489707,2.544404,1.736482,0.781583,4.279211,2.677878,1.662046,0.697212,4.131321,2.862451,1.903759,0.826209,4.581847,2.882835,1.81082,0.788229,3.852936,2.58368,1.674074,0.769757,4.436906,2.959168,1.804024,0.665602,3.736795,,,,5.142017,3.723433
营运能力,应收账款周转天数,195.439666,194.667123,235.678479,186.387446,201.193725,199.359611,230.466561,177.041157,190.243812,193.353279,223.949103,177.061552,189.815236,190.681964,220.148333,150.817404,164.80991,170.847054,220.650956,177.502245,209.878116,230.144394,317.890663,161.298442,179.402062,177.611322,207.953775,134.863484,153.638881,152.427987,185.806711,131.295383,153.199702,158.425713,205.750241,150.982458,178.466383,187.117645,241.374096,138.133082,149.932392,156.986155,206.556959,119.958708,137.573049,142.272761,172.951081,103.160508,106.115196,103.657801,115.150804,84.127657,100.826069,108.300215,129.085379,87.139192,94.324725,94.549769,108.931235,78.570929,93.657802,99.402474,114.180015,93.435237,104.502077,107.522066,116.919883,81.137615,91.241853,99.77691,135.215737,96.339228,,,,70.01143,96.684958
营运能力,存货周转率,2.312291,1.648692,0.702223,3.736023,2.341316,1.581126,0.660541,2.953035,1.91115,1.232719,0.4891,2.688742,1.937285,1.323373,0.52285,3.417687,1.932942,1.292568,0.548266,3.459083,1.98919,1.224173,0.406576,4.478638,2.73495,2.015578,0.901716,5.091368,2.817191,2.012192,0.681794,4.645777,2.510579,1.826179,0.666249,4.461533,2.413525,1.808281,0.649732,4.55356,2.302214,1.409357,0.54375,4.028437,2.339191,1.576081,0.538829,3.635763,2.288608,1.527993,0.590381,3.075864,1.869449,1.083769,0.435895,2.60152,1.952834,1.215792,0.471091,2.835485,1.710509,1.133156,0.47494,2.744748,1.956863,1.225195,0.525824,3.315356,2.095001,1.411143,0.428737,2.946029,,,,3.828384,2.264367
营运能力,存货周转天数,116.767272,109.177399,128.164287,96.359144,115.319751,113.842856,136.251919,121.90844,141.276192,146.018587,184.011279,133.891604,139.370235,136.015971,172.133426,105.334377,139.683396,139.257638,164.153668,104.073795,135.73361,147.037978,221.360625,80.381572,98.722077,89.304406,99.809661,70.707902,95.840141,89.454669,132.004667,77.489717,107.54488,98.566424,135.084511,80.689737,111.869522,99.542024,138.518595,79.059004,117.278377,127.717748,165.517028,89.364666,115.424481,114.2073,167.028764,99.016352,117.975604,117.80153,152.443674,117.040266,144.427552,166.086924,206.471614,138.380605,138.260573,148.051591,191.045826,126.962366,157.847701,158.848275,189.497282,131.159563,137.975868,146.915277,171.15983,108.585619,128.878204,127.556133,209.918416,122.198382,,,,94.034449,158.98477
营运能力,总资产周转率,0.436928,0.29548,0.121203,0.609384,0.432291,0.288415,0.120225,0.649989,0.469047,0.307716,0.127277,0.676908,0.4797,0.324098,0.135559,0.814261,0.550017,0.353714,0.137505,0.800063,0.520485,0.332854,0.120841,0.935323,0.605417,0.401894,0.168522,0.992603,0.671784,0.450593,0.171389,1.026949,0.684468,0.461288,0.175094,0.992122,0.652216,0.423282,0.158154,1.033971,0.690644,0.42301,0.15514,1.046105,0.731137,0.475703,0.183063,1.148036,0.790884,0.513632,0.233423,1.246342,0.84972,0.533163,0.219647,1.089885,0.795264,0.487012,0.186101,1.032271,0.698117,0.449147,0.178317,0.825641,0.553084,0.337505,0.149747,0.978958,0.702162,0.429376,0.194897,1.194802,,,,1.469613,0.953727
营运能力,总资产周转天数,617.949517,609.177528,742.554817,590.760117,624.57921,624.099605,748.591701,553.854735,575.634823,584.954688,707.11683,531.829905,562.850952,555.386168,663.916575,442.118202,490.893801,508.88443,654.519612,449.964387,518.745953,540.777178,744.778817,384.893466,445.973105,447.878738,534.05233,362.682634,401.914756,399.473382,525.118326,350.552812,394.466766,390.211026,514.009535,362.858598,413.972842,425.248324,569.062141,348.171925,390.93929,425.521006,580.117603,344.133651,369.287395,378.387311,491.633967,313.578803,341.390014,350.445216,385.564946,288.845194,317.751465,337.607344,409.747145,330.310046,339.509684,369.600697,483.606254,348.745465,386.754165,400.759329,504.718821,436.024512,488.171488,533.324971,601.013173,367.737766,384.526478,419.212417,461.781284,301.304937,,,,244.962387,377.466175
营运能力,流动资产周转率,0.643028,0.430445,0.175438,0.821904,0.586296,0.389406,0.155932,0.849733,0.621027,0.406251,0.168093,0.895369,0.63941,0.431078,0.179574,1.04877,0.707857,0.452958,0.176629,1.016207,0.663367,0.428926,0.155807,1.18178,0.760934,0.504908,0.213238,1.218776,0.82091,0.551687,0.208999,1.234019,0.810048,0.550579,0.210127,1.160997,0.761241,0.495273,0.184234,1.204133,0.815975,0.499204,0.184589,1.22841,0.852806,0.551428,0.212283,1.370491,0.953564,0.621094,0.29372,1.539617,1.018072,0.643141,0.265778,1.2938,0.937285,0.569481,0.215002,1.186381,0.783535,0.507624,0.203013,0.954714,0.639618,0.393828,0.175435,1.173455,0.80358,0.491483,0.23983,1.429467,,,,1.749137,1.139382
营运能力,流动资产周转天数,419.888108,418.171149,513.001486,438.006858,460.517866,462.241306,577.172833,423.66248,434.763539,443.074854,535.416401,402.068744,422.264016,417.557473,501.18488,343.259153,381.432497,397.387279,509.540711,354.258466,407.014057,419.65243,577.634159,304.62508,354.826988,356.500094,422.062309,295.378252,328.903286,326.27179,430.622095,291.729541,333.313512,326.928121,428.311211,310.078266,354.683841,363.435442,488.507982,298.970072,330.892279,360.573995,487.567475,293.061701,316.601674,326.424674,423.961456,262.679507,283.148069,289.811108,306.413688,233.824293,265.207002,279.876269,338.628332,278.249957,288.065954,316.076972,418.600371,303.443705,344.591747,354.592964,443.31918,377.07611,422.12675,457.051828,513.008338,306.786249,335.996184,366.23845,375.265177,251.842002,,,,205.815707,315.960572
营运能力,应付账款周转率,2.531948,1.645255,0.730639,3.344303,2.525442,1.586278,0.707348,2.537696,1.838797,1.148076,0.488914,2.657819,1.942447,1.275813,0.547874,3.185667,2.469581,1.556722,0.673631,3.027941,2.129167,1.412064,0.697456,4.010014,2.877302,1.937494,,4.652417,,2.534666,1.284781,5.271479,4.388711,2.543256,1.143178,4.977371,3.67683,2.173222,0.96562,4.771947,4.105988,2.569817,1.068443,4.549518,3.845969,2.735625,1.2077,4.811559,4.448861,3.049027,1.43666,5.302617,3.569619,2.177614,1.151042,4.644694,3.89947,2.26001,1.148931,5.166973,3.644554,2.241628,1.130829,4.992947,3.381006,2.345743,1.184934,5.775117,4.127464,2.628271,1.182701,5.466477,,,,6.1808,4.247867
