日期,开盘,最高,最低,收盘,成交量,成交额,换手率,流通股本
2021-01-04,82.0,82.9,79.0,81.25,8941272.0,,,
2021-01-05,80.55,86.85,79.5,85.0,8701264.0,,,
2021-01-06,85.0,86.8,80.6,81.2,8514342.0,,,
2021-01-07,81.5,82.3,78.1,81.2,8889861.0,,,
2021-01-08,82.9,85.1,81.35,82.45,6977113.0,,,
2021-01-11,83.0,86.1,79.75,84.85,6085307.0,,,
2021-01-12,84.95,93.75,84.85,90.15,10003498.0,,,
2021-01-13,92.85,94.95,90.8,93.15,6647595.0,,,
2021-01-14,93.0,98.85,90.55,95.55,7479880.0,,,
2021-01-15,94.5,94.75,90.55,90.65,16952779.0,,,
2021-01-18,91.6,96.0,90.6,94.5,11755484.0,,,
2021-01-19,94.5,97.0,92.45,96.95,10796640.0,,,
2021-01-20,97.85,105.2,97.8,103.6,11933655.0,,,
2021-01-21,105.3,107.1,99.0,100.1,12804357.0,,,
2021-01-22,99.45,104.0,98.7,99.6,11620127.0,,,
2021-01-25,100.2,105.0,99.6,100.0,12745877.0,,,
2021-01-26,100.3,100.4,93.0,95.25,9336918.0,,,
2021-01-27,96.0,96.85,90.0,91.85,10204658.0,,,
2021-01-28,89.1,94.3,86.2,87.0,18050474.0,,,
2021-01-29,88.75,93.15,87.55,88.6,14092157.0,,,
2021-02-01,89.4,92.5,85.7,88.25,14575842.0,,,
2021-02-02,88.7,92.95,88.7,91.35,13450784.0,,,
2021-02-03,90.0,100.5,87.6,97.1,14432003.0,,,
2021-02-04,95.8,97.95,90.6,93.8,10018247.0,,,
2021-02-05,95.9,96.65,93.5,94.15,4964898.0,,,
2021-02-08,96.0,96.0,92.5,94.7,5105113.0,,,
2021-02-09,95.55,97.6,93.65,96.3,2602959.0,,,
2021-02-10,97.0,99.6,94.8,98.55,3645230.0,,,
2021-02-11,97.6,98.35,95.8,97.5,1197403.0,,,
2021-02-16,98.5,100.0,96.55,98.55,2554722.0,,,
2021-02-17,97.65,100.0,96.05,99.4,3013267.0,,,
2021-02-18,99.1,99.75,92.0,92.15,10494112.0,,,
2021-02-19,92.0,94.3,90.1,92.65,6750759.0,,,
2021-02-22,92.7,94.85,86.7,86.75,12485374.0,,,
2021-02-23,86.0,90.6,83.15,87.2,9677884.0,,,
2021-02-24,89.8,89.8,80.7,82.05,12526186.0,,,
2021-02-25,83.8,84.7,79.35,83.15,11691875.0,,,
2021-02-26,80.1,83.95,78.45,79.9,15703523.0,,,
2021-03-01,81.65,88.45,80.55,87.35,11655083.0,,,
2021-03-02,88.2,89.55,84.1,85.5,7585355.0,,,
2021-03-03,85.15,85.35,81.1,83.8,6947948.0,,,
2021-03-04,81.05,82.9,76.0,78.5,13436146.0,,,
2021-03-05,75.05,79.75,72.0,75.35,14591046.0,,,
2021-03-08,76.3,77.8,70.15,70.75,10858812.0,,,
2021-03-09,71.0,73.75,65.55,70.4,14225862.0,,,
2021-03-10,75.0,75.0,70.45,73.0,9307939.0,,,
2021-03-11,73.8,81.5,73.55,78.6,12893845.0,,,
2021-03-12,81.6,83.6,77.4,78.6,7964772.0,,,
2021-03-15,80.3,82.3,74.85,76.8,8875468.0,,,
2021-03-16,78.0,81.85,77.35,80.15,7246410.0,,,
2021-03-17,79.9,82.45,77.45,82.45,6265803.0,,,
2021-03-18,83.55,83.6,79.1,81.65,9652935.0,,,
2021-03-19,80.0,81.5,76.25,77.5,10556229.0,,,
2021-03-22,77.5,77.5,74.3,77.0,5053094.0,,,
2021-03-23,76.75,76.8,69.55,72.45,15933907.0,,,
2021-03-24,71.2,74.35,69.1,70.6,5795592.0,,,
2021-03-25,68.5,71.0,67.15,70.75,9190659.0,,,
2021-03-26,71.75,78.0,70.8,75.95,10077757.0,,,
2021-03-29,75.9,77.6,73.05,73.8,4966165.0,,,
2021-03-30,75.25,82.0,73.8,78.2,14686960.0,,,
2021-03-31,80.0,81.8,77.75,78.85,4769117.0,,,
2021-04-01,79.5,81.6,78.5,80.85,5548609.0,,,
2021-04-07,82.0,83.0,79.05,81.15,5398392.0,,,
2021-04-08,81.6,81.6,78.25,78.25,6158104.0,,,
2021-04-09,77.75,79.45,74.5,76.4,5952642.0,,,
2021-04-12,76.95,76.95,72.3,73.8,4712751.0,,,
2021-04-13,73.8,77.5,72.7,73.65,4017142.0,,,
2021-04-14,73.4,75.8,73.15,74.45,4739522.0,,,
2021-04-15,75.25,75.65,72.5,73.95,3266548.0,,,
2021-04-16,74.4,76.75,73.95,75.0,4121672.0,,,
2021-04-19,75.95,80.4,74.4,78.95,5062847.0,,,
2021-04-20,78.9,82.0,77.9,81.5,7347301.0,,,
2021-04-21,80.4,83.9,78.0,82.45,5922183.0,,,
2021-04-22,83.0,87.5,82.8,86.35,9150694.0,,,
2021-04-23,85.05,90.45,85.05,90.0,10067486.0,,,
2021-04-26,89.5,91.7,84.5,85.0,10164082.0,,,
2021-04-27,85.3,86.3,83.95,84.6,6312155.0,,,
2021-04-28,86.0,90.1,85.4,88.3,7445308.0,,,
2021-04-29,88.4,89.05,85.4,86.2,3340156.0,,,
2021-04-30,85.8,86.85,84.2,84.4,2271589.0,,,
2021-05-03,84.0,85.85,82.1,85.05,1406391.0,,,
2021-05-04,86.2,86.45,83.75,84.2,1742086.0,,,
2021-05-05,83.2,83.2,80.2,80.6,2686480.0,,,
2021-05-06,81.2,82.8,79.5,81.25,6639335.0,,,
2021-05-07,81.5,84.4,80.0,80.65,4599431.0,,,
2021-05-10,81.7,83.85,79.7,80.55,4725608.0,,,
2021-05-11,77.9,82.75,76.3,81.7,5474646.0,,,
2021-05-12,83.1,85.7,80.65,85.3,6661479.0,,,
2021-05-13,83.5,85.3,81.5,82.4,3301287.0,,,
2021-05-14,83.9,85.9,81.9,84.35,4091776.0,,,
2021-05-17,84.95,88.3,84.75,87.05,4713677.0,,,
2021-05-18,88.5,94.0,85.85,91.6,9521236.0,,,
2021-05-20,92.05,94.95,90.0,91.0,7462450.0,,,
2021-05-21,92.5,93.1,90.55,91.0,5226915.0,,,
2021-05-24,89.85,90.95,87.3,89.8,5149699.0,,,
2021-05-25,90.7,92.8,89.15,91.5,4188014.0,,,
2021-05-26,92.15,93.5,91.6,92.85,5723373.0,,,
2021-05-27,93.35,94.5,90.35,93.95,18008264.0,,,
2021-05-28,94.5,95.2,88.6,89.5,6611935.0,,,
2021-05-31,90.4,94.0,88.6,93.95,6009957.0,,,
2021-06-01,94.0,94.5,90.8,93.95,3744696.0,,,
2021-06-02,94.3,95.75,91.0,92.0,3597099.0,,,
2021-06-03,92.5,93.1,88.25,90.0,4801674.0,,,
2021-06-04,90.0,90.25,87.0,88.25,4467933.0,,,
2021-06-07,88.0,90.2,85.05,89.2,2884737.0,,,
2021-06-08,88.25,91.4,87.3,88.5,2195657.0,,,
2021-06-09,88.5,90.4,87.5,89.45,2729939.0,,,
2021-06-10,90.6,90.6,86.25,87.65,5634998.0,,,
2021-06-11,88.0,91.0,87.65,89.95,3819509.0,,,
2021-06-15,90.25,90.25,87.0,87.7,3782873.0,,,
2021-06-16,87.55,87.6,83.95,85.0,5309374.0,,,
2021-06-17,85.0,86.8,84.3,85.9,3113439.0,,,
2021-06-18,86.8,87.4,85.0,86.55,3511899.0,,,
2021-06-21,86.0,87.05,84.5,85.7,4850642.0,,,
2021-06-22,85.5,86.5,83.1,86.05,5665850.0,,,
2021-06-23,86.95,92.85,86.95,90.05,9071176.0,,,
2021-06-24,90.45,92.45,89.8,91.7,4867795.0,,,
2021-06-25,91.7,92.2,88.05,89.3,5266202.0,,,
2021-06-28,89.3,94.6,89.3,93.3,5504618.0,,,
2021-06-29,94.75,94.75,90.8,91.9,4143589.0,,,
2021-06-30,92.45,92.8,90.05,90.55,3352139.0,,,
2021-07-02,91.0,92.15,86.5,87.6,6838614.0,,,
2021-07-05,87.65,89.3,86.2,89.0,4288244.0,,,
2021-07-06,87.65,89.0,80.1,85.6,11825052.0,,,
2021-07-07,84.6,87.1,83.35,86.4,7371374.0,,,
2021-07-08,84.5,86.85,81.1,82.15,9740323.0,,,
2021-07-09,82.2,83.0,77.8,82.3,7247872.0,,,
2021-07-12,82.7,87.2,82.1,87.15,5979756.0,,,
2021-07-13,86.5,88.0,85.25,86.5,3156093.0,,,
2021-07-14,86.5,89.0,85.85,88.25,4335038.0,,,
2021-07-15,88.75,90.5,86.55,88.2,6135861.0,,,
2021-07-16,89.0,89.2,87.3,87.8,2899041.0,,,
2021-07-19,86.6,92.6,86.25,90.6,7231326.0,,,
2021-07-20,89.0,91.35,86.35,87.1,12431646.0,,,
2021-07-21,89.8,89.8,83.75,84.55,5654406.0,,,
2021-07-22,85.0,85.9,82.3,85.15,3052355.0,,,
2021-07-23,83.95,85.5,82.3,84.1,3089229.0,,,
2021-07-26,82.0,83.0,75.45,76.25,12351096.0,,,
2021-07-27,76.3,77.45,66.95,67.95,20385642.0,,,
2021-07-28,68.1,75.65,67.7,75.2,19009932.0,,,
2021-07-29,79.5,83.0,79.4,81.15,8884940.0,,,
2021-07-30,81.15,81.15,76.8,79.25,8389108.0,,,
2021-08-02,80.4,80.4,74.7,79.0,8029285.0,,,
2021-08-03,81.0,81.0,79.3,80.2,5087381.0,,,
2021-08-04,79.0,81.25,78.65,81.0,6352872.0,,,
2021-08-05,82.0,83.6,77.5,78.0,6412194.0,,,
2021-08-06,76.9,77.5,73.0,74.3,8239693.0,,,
2021-08-09,74.5,75.5,71.0,74.3,5132370.0,,,
2021-08-10,75.45,77.0,74.5,76.4,3747835.0,,,
2021-08-11,76.45,76.8,73.6,74.1,3224336.0,,,
2021-08-12,74.1,74.1,70.2,71.3,8739441.0,,,
2021-08-13,70.95,74.15,70.65,73.3,6339719.0,,,
2021-08-16,73.3,73.45,71.6,72.25,3532679.0,,,
2021-08-17,73.1,73.8,70.2,71.35,5591447.0,,,
2021-08-18,72.0,72.2,67.0,68.4,11690357.0,,,
2021-08-19,69.5,70.65,66.25,67.2,8473135.0,,,
2021-08-20,66.85,66.85,57.65,62.8,19871909.0,,,
2021-08-23,62.0,63.9,59.2,63.4,7560791.0,,,
2021-08-24,65.1,66.4,63.85,65.85,6071175.0,,,
2021-08-25,66.45,66.95,63.2,64.2,4735089.0,,,
2021-08-26,64.4,66.0,59.05,61.9,11204017.0,,,
2021-08-27,60.9,63.0,59.9,60.85,4062777.0,,,
2021-08-30,60.65,61.7,59.7,61.45,6808425.0,,,
2021-08-31,61.0,62.9,59.3,62.7,7590029.0,,,
2021-09-01,62.7,63.0,60.45,62.6,6548756.0,,,
2021-09-02,62.7,65.4,62.35,64.7,6296798.0,,,
2021-09-03,65.05,66.65,63.55,66.05,5106696.0,,,
2021-09-06,66.75,67.2,64.5,66.4,4338551.0,,,
2021-09-07,67.0,67.0,64.1,64.8,4635873.0,,,
2021-09-08,65.3,65.6,63.3,64.0,2626071.0,,,
2021-09-09,64.0,64.9,60.65,61.0,5114178.0,,,
2021-09-10,60.5,64.2,60.5,64.2,4839704.0,,,
2021-09-13,63.9,64.85,61.65,62.75,6100120.0,,,
2021-09-14,63.05,67.0,61.35,65.2,9115811.0,,,
2021-09-15,65.2,65.45,63.05,63.6,3056234.0,,,
2021-09-16,63.6,63.6,60.35,61.1,4528157.0,,,
2021-09-17,61.6,67.8,61.0,66.5,8188835.0,,,
2021-09-20,67.5,69.75,65.0,68.75,7219671.0,,,
2021-09-21,68.5,72.0,67.8,68.4,3220697.0,,,
2021-09-23,70.0,70.95,67.15,69.65,6906852.0,,,
2021-09-24,69.65,73.95,68.55,72.55,8887967.0,,,
2021-09-27,73.4,76.55,71.6,73.25,9586677.0,,,
2021-09-28,73.95,77.25,72.6,76.0,6983070.0,,,
2021-09-29,76.0,77.2,73.85,74.7,4649409.0,,,
2021-09-30,74.8,76.4,74.6,75.5,2977765.0,,,
2021-10-04,74.7,76.0,72.1,74.3,3451860.0,,,
2021-10-05,73.0,76.3,73.0,74.25,2708046.0,,,
2021-10-06,74.25,75.2,72.05,72.7,2409128.0,,,
2021-10-07,74.5,76.7,73.35,76.15,3465859.0,,,
2021-10-08,76.8,78.25,74.8,76.1,3932853.0,,,
2021-10-11,76.4,79.55,75.45,76.3,5216955.0,,,
2021-10-12,75.0,78.5,75.0,75.7,4413121.0,,,
2021-10-15,77.9,77.9,75.2,76.75,6639655.0,,,
2021-10-18,75.5,78.0,74.2,77.75,3786773.0,,,
2021-10-19,77.8,79.3,76.65,78.0,2582082.0,,,
2021-10-20,78.15,78.5,76.0,77.3,2593769.0,,,
2021-10-21,77.05,78.0,76.1,76.9,3264485.0,,,
2021-10-22,76.35,77.6,75.3,76.65,2740387.0,,,
2021-10-25,76.0,78.1,75.6,76.0,3884391.0,,,
2021-10-26,76.95,77.5,75.35,76.0,3213365.0,,,
2021-10-27,76.05,77.95,69.45,69.65,11947582.0,,,
2021-10-28,69.65,70.55,67.25,69.7,5737071.0,,,
2021-10-29,68.85,70.5,68.35,69.8,5911558.0,,,
2021-11-01,69.45,69.8,67.7,68.9,5956554.0,,,
2021-11-02,68.9,69.75,66.35,66.45,8277101.0,,,
2021-11-03,67.0,68.95,66.5,68.0,2929212.0,,,
2021-11-04,69.0,69.6,66.9,67.4,5740724.0,,,
2021-11-05,67.4,69.8,67.3,69.0,3609192.0,,,
2021-11-08,68.7,71.0,67.7,70.8,7669343.0,,,
2021-11-09,70.8,76.85,70.8,76.5,13614120.0,,,
2021-11-10,75.5,81.0,74.8,80.15,16580987.0,,,
2021-11-11,81.0,81.35,74.9,75.3,13375626.0,,,
2021-11-12,76.45,77.05,75.0,75.25,5395133.0,,,
2021-11-15,76.05,76.95,75.15,76.05,2164881.0,,,
2021-11-16,76.65,79.9,76.1,79.05,6052314.0,,,
2021-11-17,78.15,80.6,78.05,79.95,7250527.0,,,
2021-11-18,79.35,79.4,77.05,78.4,2705806.0,,,
2021-11-19,77.8,81.45,77.1,80.3,5188057.0,,,
2021-11-22,81.5,82.0,75.5,76.1,9072217.0,,,
2021-11-23,75.7,76.45,73.0,73.0,5440052.0,,,
2021-11-24,75.0,75.0,72.05,73.9,2396514.0,,,
2021-11-25,73.85,75.0,73.35,74.7,2106715.0,,,
2021-11-26,74.45,75.9,72.8,73.5,2838781.0,,,
2021-11-29,73.05,74.75,70.4,71.2,3572567.0,,,
2021-11-30,71.45,72.6,69.35,69.35,6587041.0,,,
2021-12-01,69.05,70.45,68.2,68.2,5125388.0,,,
2021-12-02,68.2,69.2,66.65,67.4,6642871.0,,,
2021-12-03,67.3,68.45,65.2,66.4,17215659.0,,,
2021-12-06,65.7,66.0,60.85,61.8,12855609.0,,,
2021-12-07,62.5,65.25,61.6,64.7,7542370.0,,,
2021-12-08,65.55,67.55,65.2,65.6,4013660.0,,,
2021-12-09,66.35,68.05,66.0,67.85,4095578.0,,,
2021-12-10,67.7,68.0,65.4,66.3,2361294.0,,,
2021-12-13,66.6,66.7,61.9,62.55,7628132.0,,,
2021-12-14,61.2,63.4,61.0,62.85,6647893.0,,,
2021-12-15,63.25,63.5,53.15,56.65,19510426.0,,,
2021-12-16,56.2,59.25,54.85,58.5,18809645.0,,,
2021-12-17,60.0,60.6,49.9,53.95,27093546.0,,,
2021-12-20,52.5,54.35,50.15,51.2,12734065.0,,,
2021-12-21,51.75,53.7,50.0,53.3,8961782.0,,,
2021-12-22,52.95,52.95,49.35,50.3,8812951.0,,,
2021-12-23,50.3,51.9,49.8,50.55,3730852.0,,,
2021-12-24,51.6,51.6,48.8,49.4,4174535.0,,,
2021-12-28,48.9,49.5,45.0,46.2,15572202.0,,,
2021-12-29,46.2,47.55,45.7,46.95,3990574.0,,,
2021-12-30,47.45,47.5,46.2,47.1,2734621.0,,,
2021-12-31,48.2,48.9,47.4,48.25,1523971.0,,,
2022-01-03,49.5,49.5,43.85,44.05,4576615.0,,,
2022-01-04,44.05,44.45,39.7,40.6,21363924.0,,,
2022-01-05,40.35,40.95,37.1,39.95,18004845.0,,,
2022-01-06,38.7,39.9,37.8,39.6,15045090.0,,,
2022-01-07,40.05,42.4,39.25,40.2,17040285.0,,,
2022-01-10,40.25,44.25,39.8,42.8,19714402.0,,,
2022-01-11,41.55,45.75,41.45,44.5,13576686.0,,,
2022-01-12,45.2,46.7,44.85,46.1,12833082.0,,,
2022-01-13,46.4,47.0,42.5,42.75,8346003.0,,,
2022-01-14,41.95,44.4,41.3,44.25,6731478.0,,,
2022-01-17,43.35,44.75,41.2,41.6,6514840.0,,,
2022-01-18,41.8,42.85,40.4,40.95,5576476.0,,,
2022-01-19,40.95,42.2,40.35,41.1,4373577.0,,,
2022-01-20,41.3,43.4,40.6,43.0,5843466.0,,,
2022-01-21,42.95,43.2,41.4,41.8,5736781.0,,,
2022-01-24,39.5,42.35,39.5,41.35,4545048.0,,,
2022-01-25,40.3,42.95,39.65,40.9,8161000.0,,,
2022-01-26,41.15,42.25,36.45,37.0,14607285.0,,,
2022-01-27,35.9,35.9,32.0,33.45,20362668.0,,,
2022-01-28,33.45,33.7,30.6,30.75,13372238.0,,,
2022-01-31,31.5,33.05,29.5,32.7,4738820.0,,,
2022-02-04,32.85,33.75,30.25,31.25,7722228.0,,,
2022-02-07,31.95,34.05,31.3,31.65,15768000.0,,,
2022-02-08,30.85,33.85,30.2,32.95,11347356.0,,,
2022-02-09,33.2,33.5,31.65,32.2,13018948.0,,,
2022-02-10,33.0,35.6,32.4,34.15,22246124.0,,,
2022-02-11,32.8,35.15,30.05,31.6,36644294.0,,,
2022-02-14,30.7,31.8,28.6,28.65,27862485.0,,,
2022-02-15,28.9,33.8,28.7,33.45,25147578.0,,,
2022-02-16,34.2,35.0,32.2,33.5,13554603.0,,,
2022-02-17,34.0,34.75,32.85,34.35,11164102.0,,,
2022-02-18,33.4,34.95,33.05,34.05,6218076.0,,,
2022-02-21,34.0,35.2,32.5,32.75,8444783.0,,,
2022-02-22,32.5,32.7,30.8,32.3,9986020.0,,,
2022-02-23,32.95,34.7,31.8,34.2,7382325.0,,,
2022-02-24,33.0,34.0,32.0,32.6,8411114.0,,,
2022-02-25,33.75,35.6,33.45,34.95,13714312.0,,,
2022-02-28,34.45,34.95,33.3,34.95,9516895.0,,,
2022-03-01,36.2,37.95,34.7,35.15,9770544.0,,,
2022-03-02,34.35,35.65,33.35,33.55,5991208.0,,,
2022-03-03,33.95,34.65,32.95,33.4,5212886.0,,,
2022-03-04,32.0,33.05,31.5,32.0,8743210.0,,,
2022-03-07,30.95,31.35,29.0,30.9,8508319.0,,,
2022-03-08,30.9,31.7,29.1,29.25,10458917.0,,,
2022-03-09,29.7,29.85,26.5,27.2,16317808.0,,,
2022-03-10,28.5,28.95,26.55,27.4,12256694.0,,,
2022-03-11,26.5,27.55,24.6,27.15,17588883.0,,,
2022-03-14,26.55,26.7,23.0,23.45,20123028.0,,,
2022-03-15,21.55,25.85,21.35,22.5,31897987.0,,,
2022-03-16,23.8,26.15,21.9,25.45,25488898.0,,,
2022-03-17,28.1,28.9,26.6,28.55,24012701.0,,,
2022-03-18,28.0,28.2,26.55,27.3,13391007.0,,,
2022-03-21,28.45,28.45,26.85,27.35,8950889.0,,,
2022-03-22,27.3,27.7,25.9,27.55,10603287.0,,,
2022-03-23,27.6,30.75,27.5,29.3,16346550.0,,,
2022-03-24,29.7,32.2,28.8,31.7,15774123.0,,,
2022-03-25,30.8,31.45,27.25,27.6,12245000.0,,,
2022-03-28,27.6,28.05,26.0,26.7,12600250.0,,,
2022-03-29,27.15,28.7,27.15,28.55,11772190.0,,,
2022-03-30,29.15,31.0,27.8,30.6,13169094.0,,,
2022-03-31,31.5,31.5,26.95,26.95,10016456.0,,,
2022-04-01,26.1,27.3,25.45,27.15,5717606.0,,,
2022-04-04,27.2,29.3,27.05,29.05,5398723.0,,,
2022-04-06,28.7,30.45,28.35,29.55,8949268.0,,,
2022-04-07,29.85,29.85,27.7,27.9,8048796.0,,,
2022-04-08,28.1,28.65,26.6,28.55,8014507.0,,,
2022-04-11,28.4,28.4,25.9,26.1,8235341.0,,,
2022-04-12,25.5,27.75,24.6,26.6,10909123.0,,,
2022-04-13,26.6,27.1,25.25,26.6,5567500.0,,,
2022-04-14,27.0,28.15,26.6,27.75,5340688.0,,,
2022-04-19,27.15,27.45,25.85,26.2,6327646.0,,,
2022-04-20,26.0,27.0,25.6,26.0,3802686.0,,,
2022-04-21,25.6,25.95,24.5,25.5,11537100.0,,,
2022-04-22,24.4,26.4,24.4,26.25,5703847.0,,,
2022-04-25,25.2,25.7,23.35,23.5,8993352.0,,,
2022-04-26,23.65,24.8,23.15,23.7,9740705.0,,,
2022-04-27,23.15,24.65,22.45,24.3,10046728.0,,,
2022-04-28,24.75,25.9,24.25,25.8,4507518.0,,,
2022-04-29,25.8,25.85,23.5,25.15,7137686.0,,,
2022-05-03,24.15,24.9,23.2,23.35,6852571.0,,,
2022-05-04,23.2,23.4,20.55,21.0,9216136.0,,,
2022-05-05,21.7,22.1,20.7,21.05,12397605.0,,,
2022-05-06,20.1,20.4,19.32,19.64,14161654.0,,,
2022-05-10,18.48,19.96,18.06,19.44,12849369.0,,,
2022-05-11,19.44,21.7,19.32,20.35,13004000.0,,,
2022-05-12,19.8,20.0,18.84,18.88,12814309.0,,,
2022-05-13,19.28,19.54,18.36,18.64,17626057.0,,,
2022-05-16,19.52,19.82,18.86,19.6,9360480.0,,,
2022-05-17,19.36,20.85,19.36,20.8,9917419.0,,,
2022-05-18,20.5,21.45,20.45,21.05,7118688.0,,,
2022-05-19,20.05,21.75,20.05,21.6,9415899.0,,,
2022-05-20,22.25,23.2,22.0,22.75,8633872.0,,,
2022-05-23,22.85,22.95,22.0,22.55,4990381.0,,,
2022-05-24,21.95,22.65,20.7,20.8,6703021.0,,,
2022-05-25,20.65,21.4,20.45,21.15,5031111.0,,,
2022-05-26,21.2,22.1,20.1,21.85,7532860.0,,,
2022-05-27,22.9,23.1,21.4,21.8,6522200.0,,,
2022-05-30,22.2,23.4,22.0,22.9,8700675.0,,,
2022-05-31,22.95,24.4,22.4,24.35,22524866.0,,,
2022-06-01,24.45,25.3,23.8,24.3,9249519.0,,,
2022-06-02,24.7,24.7,23.5,24.3,5040500.0,,,
2022-06-06,24.3,26.35,24.15,26.05,14428864.0,,,
2022-06-07,25.65,26.4,24.9,25.4,9018217.0,,,
2022-06-08,26.4,28.45,26.15,28.1,21937660.0,,,
2022-06-09,28.35,29.2,27.2,27.95,11624372.0,,,
2022-06-10,27.05,27.4,26.15,26.75,15863007.0,,,
2022-06-13,25.8,26.5,25.45,25.8,9548748.0,,,
2022-06-14,26.5,27.3,25.1,26.5,9633110.0,,,
2022-06-15,27.2,27.75,26.1,26.3,7430872.0,,,
2022-06-16,26.55,27.35,25.25,25.55,9223495.0,,,
2022-06-17,25.8,27.25,25.25,26.9,9954915.0,,,
2022-06-20,26.95,28.1,26.75,26.95,8037500.0,,,
2022-06-21,27.55,31.3,26.7,30.6,26050902.0,,,
2022-06-22,30.8,32.2,30.35,30.5,19653733.0,,,
2022-06-23,30.3,32.7,30.3,32.3,14463600.0,,,
2022-06-24,32.4,36.75,32.4,36.15,33823925.0,,,
2022-06-27,36.55,37.55,34.55,35.5,25974872.0,,,
2022-06-28,35.85,37.7,34.45,37.0,15298445.0,,,
2022-06-29,36.55,36.55,33.45,34.05,15973190.0,,,
2022-06-30,34.1,36.05,34.1,34.9,22101673.0,,,
2022-07-04,34.7,38.2,34.65,38.0,21984781.0,,,
2022-07-05,38.3,39.2,37.3,38.95,15731280.0,,,
2022-07-06,40.0,41.0,36.4,38.15,28119173.0,,,
2022-07-07,37.7,38.2,36.5,37.75,8827052.0,,,
2022-07-08,38.0,38.8,35.85,36.8,15567757.0,,,
2022-07-11,36.8,37.5,35.25,36.45,20827831.0,,,
2022-07-12,36.0,37.3,34.85,35.9,18673201.0,,,
2022-07-13,35.5,37.65,35.5,36.35,14018449.0,,,
2022-07-14,36.85,39.5,36.65,38.5,17211282.0,,,
2022-07-15,38.5,38.6,36.6,36.85,12029809.0,,,
2022-07-18,37.2,37.2,35.3,36.15,8017038.0,,,
2022-07-19,36.15,36.65,35.05,35.4,9012401.0,,,
2022-07-20,36.6,37.95,36.55,36.9,10503849.0,,,
2022-07-21,37.2,37.7,36.75,37.15,6105210.0,,,
2022-07-22,37.95,37.95,34.85,34.85,6169026.0,,,
2022-07-25,34.4,34.7,32.6,34.55,7248009.0,,,
2022-07-26,34.55,35.2,33.6,34.15,5219067.0,,,
2022-07-27,34.3,34.35,32.95,33.4,5886980.0,,,
2022-07-28,33.9,34.45,33.6,33.85,4612593.0,,,
2022-07-29,34.0,34.4,31.8,32.75,9251000.0,,,
2022-08-01,33.0,33.0,31.2,32.75,8953193.0,,,
2022-08-02,32.35,32.95,31.75,32.45,8577768.0,,,
2022-08-03,32.95,33.05,31.65,31.95,10519294.0,,,
2022-08-04,32.35,33.35,31.3,32.85,15145221.0,,,
2022-08-05,34.95,36.5,34.5,35.8,26583167.0,,,
2022-08-08,35.7,37.95,35.2,36.7,15568023.0,,,
2022-08-09,36.85,37.2,35.2,35.35,8475426.0,,,
2022-08-10,35.0,35.35,33.55,33.8,6221400.0,,,
2022-08-11,34.9,37.0,34.4,36.75,10126300.0,,,
2022-08-12,36.65,37.5,35.85,36.5,6063220.0,,,
2022-08-15,36.5,37.4,36.0,36.7,3923743.0,,,
2022-08-16,37.05,37.8,35.2,36.25,8432024.0,,,
2022-08-17,36.6,36.95,34.65,35.0,5961805.0,,,
2022-08-18,35.7,35.7,33.4,34.05,8221939.0,,,
2022-08-19,33.5,34.2,33.0,33.1,5471552.0,,,
2022-08-22,32.8,33.5,32.2,32.95,5731979.0,,,
2022-08-23,32.35,32.95,31.9,32.15,4006387.0,,,
2022-08-24,32.25,32.35,31.6,31.9,5534133.0,,,
2022-08-25,32.25,33.75,31.7,33.6,5652038.0,,,
2022-08-26,33.5,35.5,33.3,34.9,9249500.0,,,
2022-08-29,33.6,34.0,32.05,32.8,6918300.0,,,
2022-08-30,32.7,32.8,31.4,32.75,4920382.0,,,
2022-08-31,31.7,33.75,31.7,33.45,7799500.0,,,
2022-09-01,32.55,34.05,32.45,32.9,4425724.0,,,
2022-09-02,32.3,33.4,31.4,31.6,5111047.0,,,
2022-09-05,31.4,31.6,29.1,29.9,9934548.0,,,
2022-09-06,29.85,30.4,28.5,29.25,11779180.0,,,
2022-09-07,29.25,29.25,27.8,28.95,9152493.0,,,
2022-09-08,29.25,29.35,26.9,27.15,12716443.0,,,
2022-09-09,27.6,29.4,27.2,29.0,9596033.0,,,
2022-09-13,29.65,29.9,28.3,28.6,7684931.0,,,
2022-09-14,27.9,28.45,27.35,28.05,5059459.0,,,
2022-09-15,28.1,28.9,27.35,27.85,6442792.0,,,
2022-09-16,27.85,28.25,27.05,27.15,6789149.0,,,
2022-09-19,26.9,26.95,25.25,25.65,9399019.0,,,
2022-09-20,25.85,26.3,25.4,25.95,5408000.0,,,
2022-09-21,26.3,26.3,24.95,25.1,5627414.0,,,
2022-09-22,24.75,25.55,24.2,25.4,6883061.0,,,
2022-09-23,25.35,25.35,23.95,24.05,7275935.0,,,
2022-09-26,23.4,24.8,23.25,23.9,11159976.0,,,
2022-09-27,23.9,26.05,23.3,25.75,9255280.0,,,
2022-09-28,25.7,25.7,24.5,24.8,5149758.0,,,
2022-09-29,25.25,26.3,24.6,25.0,6659033.0,,,
2022-09-30,25.8,25.8,24.35,24.45,3380279.0,,,
2022-10-03,24.15,25.2,23.7,24.55,3688512.0,,,
2022-10-05,25.8,26.45,25.65,26.2,5288309.0,,,
2022-10-06,26.15,26.15,25.0,25.2,4463500.0,,,
2022-10-07,24.95,24.95,23.8,24.4,4383035.0,,,
2022-10-10,24.05,24.35,22.7,22.95,7724512.0,,,
2022-10-11,23.5,23.5,21.6,22.65,7619100.0,,,
2022-10-12,22.65,22.95,21.2,22.0,9093377.0,,,
2022-10-13,22.45,23.6,22.0,22.3,8951345.0,,,
2022-10-14,23.1,26.15,22.85,25.2,16771991.0,,,
2022-10-17,24.9,26.9,24.9,25.7,19824009.0,,,
2022-10-18,26.25,30.0,25.45,29.5,26055201.0,,,
2022-10-19,29.0,29.75,28.2,28.4,15269088.0,,,
2022-10-20,27.5,29.3,26.5,28.2,15504776.0,,,
2022-10-21,28.3,30.95,28.2,30.2,23201791.0,,,
2022-10-24,30.1,31.1,26.6,27.15,24719255.0,,,
2022-10-25,27.15,29.3,26.2,28.3,20116306.0,,,
2022-10-26,28.45,31.15,28.3,29.65,22411045.0,,,
2022-10-27,30.0,30.65,28.55,28.9,10739585.0,,,
2022-10-28,29.05,29.55,27.0,27.05,14039750.0,,,
2022-10-31,27.2,29.2,26.85,27.8,19885637.0,,,
2022-11-01,28.65,29.5,26.85,27.6,26945084.0,,,
2022-11-02,26.9,30.1,25.45,29.6,26290256.0,,,
2022-11-03,28.2,30.6,28.2,30.15,17499868.0,,,
2022-11-04,30.05,32.3,29.8,31.55,20962607.0,,,
2022-11-07,30.45,33.3,30.2,33.05,14055453.0,,,
2022-11-08,33.5,34.25,32.35,33.35,10576174.0,,,
2022-11-09,33.35,33.6,31.55,31.85,11096267.0,,,
2022-11-10,31.6,32.5,30.95,31.2,6041000.0,,,
2022-11-11,34.0,34.2,32.2,32.85,14613124.0,,,
2022-11-14,34.45,34.5,33.05,34.1,21756804.0,,,
2022-11-15,34.3,34.9,32.3,34.9,12311053.0,,,
2022-11-16,34.8,35.65,33.8,34.4,10782304.0,,,
2022-11-17,34.1,34.4,32.55,33.95,8089069.0,,,
2022-11-18,34.45,34.5,32.15,32.45,12533841.0,,,
2022-11-21,31.05,31.7,29.55,31.35,11014009.0,,,
2022-11-22,30.8,31.65,29.05,29.5,6785721.0,,,
2022-11-23,29.25,29.95,28.25,29.1,6511600.0,,,
2022-11-24,29.5,30.25,28.6,28.85,5248900.0,,,
2022-11-25,28.85,28.85,27.7,28.0,7355427.0,,,
2022-11-28,27.4,28.95,26.6,28.85,10438300.0,,,
2022-11-29,29.0,30.2,28.7,30.05,9272142.0,,,
2022-11-30,30.05,30.7,29.6,30.65,10613339.0,,,
2022-12-01,31.5,32.3,28.95,29.65,13882758.0,,,
2022-12-02,29.8,30.8,27.75,27.75,35193199.0,,,
2022-12-05,28.55,28.8,26.5,27.75,26045939.0,,,
2022-12-06,27.5,29.1,26.9,28.35,10768649.0,,,
2022-12-07,28.55,30.25,27.6,27.6,16560126.0,,,
2022-12-08,28.1,30.8,27.9,30.5,12415520.0,,,
2022-12-09,30.5,32.5,30.5,32.25,13466134.0,,,
2022-12-12,31.35,33.0,31.3,32.0,8228920.0,,,
2022-12-13,32.3,33.5,31.4,32.35,7883968.0,,,
2022-12-14,32.65,34.0,32.55,33.55,9994628.0,,,
2022-12-15,33.4,33.7,31.95,32.45,5463048.0,,,
2022-12-16,32.25,33.05,31.75,32.3,9920916.0,,,
2022-12-19,32.65,33.1,30.85,31.35,5257316.0,,,
2022-12-20,30.8,31.35,30.0,31.0,5270653.0,,,
2022-12-21,31.15,31.8,30.6,30.95,2642597.0,,,
2022-12-22,31.1,32.1,30.6,31.95,4020275.0,,,
2022-12-23,31.6,32.85,31.0,32.7,3309261.0,,,
2022-12-28,33.0,34.0,32.2,33.35,4938377.0,,,
2022-12-29,33.0,34.6,33.0,34.35,4878500.0,,,
2022-12-30,34.7,34.7,33.0,33.5,3996334.0,,,
2023-01-03,33.85,35.15,32.5,35.0,6835232.0,,,
2023-01-04,35.1,35.8,34.65,35.2,5894811.0,,,
2023-01-05,35.6,36.35,35.0,35.75,9950472.0,,,
2023-01-06,36.0,36.2,33.7,34.1,7705947.0,,,
2023-01-09,34.5,37.7,34.5,37.45,12059116.0,,,
2023-01-10,37.3,38.85,36.6,37.6,9390929.0,,,
2023-01-11,37.6,41.25,37.45,39.95,13972389.0,,,
2023-01-12,39.75,42.9,39.2,39.7,15097511.0,,,
2023-01-13,39.6,42.4,38.6,42.15,18584159.0,,,
2023-01-16,42.8,44.3,41.4,42.1,18432012.0,,,
2023-01-17,41.2,41.9,39.95,40.5,11233866.0,,,
2023-01-18,39.8,41.8,39.65,40.7,6635853.0,,,
2023-01-19,40.65,43.3,40.5,42.5,3685159.0,,,
2023-01-20,42.2,43.45,42.2,43.1,2536675.0,,,
2023-01-26,43.65,46.25,43.4,46.2,5378738.0,,,
2023-01-27,45.85,47.95,45.75,47.0,3367192.0,,,
2023-01-30,47.15,47.8,44.35,44.85,15146144.0,,,
2023-01-31,45.25,45.9,41.7,42.45,14268886.0,,,
2023-02-01,43.0,45.55,42.65,45.45,11652078.0,,,
2023-02-02,46.0,47.6,45.6,46.1,10165215.0,,,
2023-02-03,45.3,47.25,45.2,45.6,6940904.0,,,
2023-02-06,44.05,44.05,41.7,42.75,13623352.0,,,
2023-02-07,42.9,44.4,42.4,43.1,5362558.0,,,
2023-02-08,42.8,44.1,42.3,42.85,2736202.0,,,
2023-02-09,42.3,43.4,41.9,43.2,7749029.0,,,
2023-02-10,43.7,44.1,41.4,42.8,4778158.0,,,
2023-02-13,42.35,43.6,42.0,43.2,4104858.0,,,
2023-02-14,43.15,44.3,42.5,43.15,9403172.0,,,
2023-02-15,43.05,43.35,40.6,41.45,8055252.0,,,
2023-02-16,41.4,42.25,40.2,40.4,8055279.0,,,
2023-02-17,40.35,40.6,39.5,39.7,6299957.0,,,
2023-02-20,39.05,41.65,39.0,41.45,4506770.0,,,
2023-02-21,41.75,41.75,40.3,40.5,3904975.0,,,
2023-02-22,39.5,41.0,39.0,39.45,7444223.0,,,
2023-02-23,39.5,40.6,39.3,39.35,3281905.0,,,
2023-02-24,39.45,40.0,38.1,38.4,6883809.0,,,
2023-02-27,37.9,38.4,37.2,37.65,6264059.0,,,
2023-02-28,37.85,38.7,37.8,38.1,7440605.0,,,
2023-03-01,38.2,40.65,37.7,40.55,7855729.0,,,
2023-03-02,40.15,41.05,39.6,40.65,3189710.0,,,
2023-03-03,40.65,42.5,40.65,42.25,6284500.0,,,
2023-03-06,41.7,42.65,41.1,42.45,4795260.0,,,
2023-03-07,42.45,44.55,41.75,42.25,8468167.0,,,
2023-03-08,41.5,42.0,39.4,39.9,8001000.0,,,
2023-03-09,39.6,40.95,39.2,39.9,4229950.0,,,
2023-03-10,38.5,39.6,37.6,38.85,8080588.0,,,
2023-03-13,39.0,40.0,37.65,39.2,5715430.0,,,
2023-03-14,39.15,41.05,38.4,38.75,8161059.0,,,
2023-03-15,39.5,43.2,39.5,42.7,11082547.0,,,
2023-03-16,42.3,43.3,41.5,42.6,7053488.0,,,
2023-03-17,43.2,44.0,40.75,41.7,9489902.0,,,
2023-03-20,41.65,41.7,37.35,37.9,13908323.0,,,
2023-03-21,38.4,41.15,38.0,40.85,8475404.0,,,
2023-03-22,41.2,41.25,38.55,38.7,9257523.0,,,
2023-03-23,38.4,39.15,37.5,39.0,6332525.0,,,
2023-03-24,38.5,39.2,38.0,38.5,5225101.0,,,
2023-03-27,38.25,40.0,38.1,38.85,5308497.0,,,
2023-03-28,39.35,39.75,37.75,38.2,4819197.0,,,
2023-03-29,38.75,38.9,36.35,37.4,11192585.0,,,
2023-03-30,37.3,37.3,33.8,35.05,20861137.0,,,
2023-03-31,35.2,35.9,34.3,35.15,7796264.0,,,
2023-04-03,35.0,35.75,33.3,34.9,12165382.0,,,
2023-04-04,34.4,36.55,32.9,36.3,14446374.0,,,
2023-04-06,36.2,38.4,36.0,38.35,9540679.0,,,
2023-04-11,39.9,40.85,37.95,39.5,16548199.0,,,
2023-04-12,38.6,40.85,38.6,40.5,8064873.0,,,
2023-04-13,39.45,42.4,39.45,42.0,10066412.0,,,
2023-04-14,42.5,43.8,41.1,42.7,11849343.0,,,
2023-04-17,42.55,42.7,40.25,40.95,6744082.0,,,
2023-04-18,40.4,41.55,40.2,41.3,5125761.0,,,
2023-04-19,41.6,41.6,40.2,40.65,3145500.0,,,
2023-04-20,40.0,41.4,38.8,39.25,5013000.0,,,
2023-04-21,38.8,39.6,37.9,38.65,5710893.0,,,
2023-04-24,38.55,40.2,38.1,39.05,4726437.0,,,
2023-04-25,39.05,39.05,37.0,37.35,6067325.0,,,
2023-04-26,37.35,38.55,37.05,38.2,2632218.0,,,
2023-04-27,38.2,39.3,37.55,38.9,3771471.0,,,
2023-04-28,39.0,39.0,37.35,37.45,5689069.0,,,
2023-05-02,36.95,37.35,35.6,36.35,3628986.0,,,
2023-05-03,35.7,36.9,35.2,36.7,2964546.0,,,
2023-05-04,36.95,39.2,36.8,39.05,6199128.0,,,
2023-05-05,39.1,41.5,39.1,40.95,10091572.0,,,
2023-05-08,40.95,41.5,40.1,41.1,4751815.0,,,
2023-05-09,41.4,41.4,37.95,38.85,6656647.0,,,
2023-05-10,39.25,40.35,38.2,39.65,6407195.0,,,
2023-05-11,39.55,41.5,38.15,39.0,9167778.0,,,
2023-05-12,40.25,40.5,38.7,39.75,8341627.0,,,
2023-05-15,40.0,40.6,38.75,40.05,5064667.0,,,
2023-05-16,40.05,41.2,40.05,40.5,3934874.0,,,
2023-05-17,41.0,41.25,39.1,39.45,6205399.0,,,
2023-05-18,39.5,40.1,37.65,37.9,6970687.0,,,
2023-05-19,38.5,38.5,36.85,38.1,3089500.0,,,
2023-05-22,38.3,38.95,37.75,38.85,3190517.0,,,
2023-05-23,38.85,40.45,38.7,40.2,6837253.0,,,
2023-05-24,40.45,40.5,39.2,39.65,2236582.0,,,
2023-05-25,39.25,39.45,37.7,37.75,5879000.0,,,
2023-05-29,38.05,38.3,34.8,35.2,10598189.0,,,
2023-05-30,35.3,36.85,35.3,36.65,7569714.0,,,
2023-05-31,36.65,36.85,35.45,36.7,12121787.0,,,
2023-06-01,36.7,37.65,36.1,36.4,4477717.0,,,
2023-06-02,37.2,37.45,36.3,37.0,4253292.0,,,
2023-06-05,37.8,37.8,36.05,36.95,5185000.0,,,
2023-06-06,37.0,37.35,36.1,36.5,6549522.0,,,
2023-06-07,37.2,37.65,36.8,37.1,3575033.0,,,
2023-06-08,36.9,37.1,35.8,36.5,4672440.0,,,
2023-06-09,36.65,37.95,36.15,37.65,4242557.0,,,
2023-06-12,37.65,37.65,35.2,35.9,5613440.0,,,
2023-06-13,35.9,36.2,35.2,35.55,4409100.0,,,
2023-06-14,35.95,36.2,33.8,34.2,7750361.0,,,
2023-06-15,34.15,34.2,32.4,33.95,15403620.0,,,
2023-06-16,34.5,37.0,34.1,36.7,11196003.0,,,
2023-06-19,36.3,36.5,35.1,35.6,3843292.0,,,
2023-06-20,35.5,35.85,33.0,33.6,10628714.0,,,
2023-06-21,33.1,33.1,30.75,31.45,10526446.0,,,
2023-06-23,31.45,31.9,30.3,30.45,2308739.0,,,
2023-06-26,30.9,31.5,30.4,31.0,5640961.0,,,
2023-06-27,31.15,31.6,29.4,29.9,9261060.0,,,
2023-06-28,30.2,30.25,28.85,29.15,7528500.0,,,
2023-06-29,29.3,29.45,28.2,28.95,5903350.0,,,
2023-06-30,28.95,30.4,28.9,29.6,6153613.0,,,
2023-07-03,29.95,30.1,28.7,30.0,3549468.0,,,
2023-07-04,30.15,33.55,29.55,33.1,14334121.0,,,
2023-07-05,33.1,33.1,31.35,31.55,6862270.0,,,
2023-07-06,31.4,31.9,30.35,30.65,5790517.0,,,
2023-07-07,30.05,30.85,29.6,30.25,5619294.0,,,
2023-07-10,30.75,31.2,29.5,29.75,4049479.0,,,
2023-07-11,29.85,30.75,29.8,30.65,2907000.0,,,
2023-07-12,30.8,31.1,30.05,30.9,3786450.0,,,
2023-07-13,31.75,34.15,31.5,32.7,10108346.0,,,
2023-07-14,32.3,33.15,32.3,32.45,3084966.0,,,
2023-07-18,32.35,32.4,31.1,31.5,5023437.0,,,
2023-07-19,31.6,31.6,30.05,30.75,3472778.0,,,
2023-07-20,30.75,32.2,30.45,31.25,2992540.0,,,
2023-07-21,31.25,33.05,30.8,32.8,6182994.0,,,
2023-07-24,32.8,34.3,32.45,33.2,5483412.0,,,
2023-07-25,33.9,34.25,33.1,34.05,6152736.0,,,
2023-07-26,34.0,34.25,33.2,33.95,3133773.0,,,
2023-07-27,33.75,34.55,33.6,34.3,5248865.0,,,
2023-07-28,34.05,37.0,33.75,36.6,9171286.0,,,
2023-07-31,38.0,38.6,34.15,34.6,11902643.0,,,
2023-08-01,34.6,36.25,34.3,34.6,5856216.0,,,
2023-08-02,34.1,34.95,32.2,32.45,10115675.0,,,
2023-08-03,32.2,33.25,31.05,32.8,9486635.0,,,
2023-08-04,32.75,33.45,32.15,32.8,6373722.0,,,
2023-08-07,32.0,32.25,28.8,29.05,23570711.0,,,
2023-08-08,28.45,29.05,27.3,28.7,18035600.0,,,
2023-08-09,30.45,33.3,30.05,32.2,26618189.0,,,
2023-08-10,31.85,32.6,31.3,32.2,5968845.0,,,
2023-08-11,32.2,33.8,31.5,33.15,9613292.0,,,
2023-08-14,32.85,32.85,31.25,32.4,8723158.0,,,
2023-08-15,32.4,32.8,31.6,32.3,4668522.0,,,
2023-08-16,31.85,33.85,31.85,32.85,6157760.0,,,
2023-08-17,33.15,33.15,32.0,32.7,3811000.0,,,
2023-08-18,32.9,32.9,30.4,31.45,5959865.0,,,
2023-08-21,31.45,31.7,30.35,31.15,5092306.0,,,
2023-08-22,31.05,31.95,30.2,30.95,5534156.0,,,
2023-08-23,30.65,31.45,30.35,30.75,3086800.0,,,
2023-08-24,31.95,35.0,31.9,34.65,15270514.0,,,
2023-08-25,34.5,35.75,33.55,33.8,10707687.0,,,
2023-08-28,35.1,35.75,34.3,34.75,10213928.0,,,
2023-08-29,35.1,36.5,34.65,35.85,8185125.0,,,
2023-08-30,36.25,36.7,35.7,35.95,6397320.0,,,
2023-08-31,36.35,36.35,34.65,35.1,6359422.0,,,
2023-09-04,34.85,35.3,34.3,34.5,5764756.0,,,
2023-09-05,34.3,35.55,33.7,34.75,5513948.0,,,
2023-09-06,34.3,35.2,33.7,34.7,4899826.0,,,
2023-09-07,35.0,35.8,34.1,35.35,5052072.0,,,
2023-09-11,35.35,38.9,35.0,38.3,18295480.0,,,
2023-09-12,36.1,36.9,33.8,35.8,54367611.0,,,
2023-09-13,36.65,36.65,35.25,35.8,12438988.0,,,
2023-09-14,36.0,38.45,36.0,37.75,19772560.0,,,
2023-09-15,38.0,39.8,37.55,39.2,16270019.0,,,
2023-09-18,39.1,41.0,38.85,39.85,13652836.0,,,
2023-09-19,39.45,39.75,38.5,39.55,7275621.0,,,
2023-09-20,39.55,39.55,38.2,38.4,11278034.0,,,
2023-09-21,38.4,38.95,37.35,37.9,4720220.0,,,
2023-09-22,38.0,38.0,36.65,37.45,10987160.0,,,
2023-09-25,37.15,39.45,37.05,39.0,12533893.0,,,
2023-09-26,39.0,39.4,37.55,38.2,7535713.0,,,
2023-09-27,37.7,41.7,37.7,40.85,21609345.0,,,
2023-09-28,40.6,40.95,39.3,39.9,8129945.0,,,
2023-09-29,39.9,39.9,38.15,38.25,3099480.0,,,
2023-10-03,37.8,38.2,36.8,37.85,4523168.0,,,
2023-10-04,37.2,37.45,36.4,36.9,4180000.0,,,
2023-10-05,36.6,38.4,36.6,38.1,5334397.0,,,
2023-10-06,38.5,39.4,38.2,39.0,6115639.0,,,
2023-10-09,41.05,41.15,39.0,40.9,10229192.0,,,
2023-10-10,40.9,41.9,39.3,39.6,10595142.0,,,
2023-10-11,40.75,43.1,40.35,42.9,21803940.0,,,
2023-10-12,43.45,44.65,42.3,44.35,15413273.0,,,
2023-10-13,43.4,46.0,42.55,44.5,17882533.0,,,
2023-10-16,45.25,46.9,43.2,44.0,18749193.0,,,
2023-10-17,44.5,45.85,43.3,44.45,10552312.0,,,
2023-10-18,44.45,44.45,42.5,42.8,9623460.0,,,
2023-10-19,42.95,43.4,41.6,42.6,9404215.0,,,
2023-10-20,42.0,44.3,41.7,44.1,11158040.0,,,
2023-10-24,43.55,45.8,42.85,45.5,15366962.0,,,
2023-10-25,45.3,47.45,44.45,45.0,14846598.0,,,
2023-10-26,45.0,45.0,41.9,42.3,17366498.0,,,
2023-10-27,42.25,46.2,41.05,45.0,14157871.0,,,
2023-10-30,45.6,48.55,45.6,47.05,19508636.0,,,
2023-10-31,46.85,48.2,45.6,46.05,9609767.0,,,
2023-11-01,45.7,46.5,43.8,45.45,9611003.0,,,
2023-11-02,45.5,46.65,44.7,46.6,8566072.0,,,
2023-11-03,47.75,47.9,44.1,46.2,16529080.0,,,
2023-11-06,47.35,49.8,47.35,48.4,14432182.0,,,
2023-11-07,48.2,49.7,47.65,48.45,7782194.0,,,
2023-11-08,48.45,49.7,46.4,47.15,10854476.0,,,
2023-11-09,47.4,48.9,46.65,47.3,6577565.0,,,
2023-11-10,47.05,47.05,45.75,46.7,8136190.0,,,
2023-11-13,46.85,47.85,42.85,44.05,17323213.0,,,
2023-11-14,44.5,45.4,43.2,44.55,8507812.0,,,
2023-11-15,45.95,46.5,42.15,43.9,17889634.0,,,
2023-11-16,43.15,43.85,42.05,43.5,8454565.0,,,
2023-11-17,43.5,44.9,42.9,44.65,5780163.0,,,
2023-11-20,44.7,45.0,43.5,44.0,6253728.0,,,
2023-11-21,44.8,44.85,42.65,43.85,8394033.0,,,
2023-11-22,43.2,43.95,41.9,42.45,8249799.0,,,
2023-11-23,42.7,44.25,42.15,44.0,6776735.0,,,
2023-11-24,44.15,44.45,43.6,43.75,3759168.0,,,
2023-11-27,43.6,45.45,43.6,45.3,9205626.0,,,
2023-11-28,45.3,46.6,44.7,45.5,6969361.0,,,
2023-11-29,44.95,45.85,43.5,43.85,7430066.0,,,
2023-11-30,43.8,45.8,42.85,45.8,15200347.0,,,
2023-12-01,45.7,45.7,43.7,44.0,4752157.0,,,
2023-12-04,43.7,44.4,41.8,42.25,12504414.0,,,
2023-12-05,42.4,42.75,40.6,41.6,11066488.0,,,
2023-12-06,41.45,41.6,39.65,40.55,10630750.0,,,
2023-12-07,40.0,41.1,39.5,40.3,6080058.0,,,
2023-12-08,40.15,40.15,38.35,39.75,11335623.0,,,
2023-12-11,39.75,40.7,38.5,40.35,7711500.0,,,
2023-12-12,40.05,40.85,39.3,40.35,6048363.0,,,
2023-12-13,39.8,40.85,39.65,40.2,4189797.0,,,
2023-12-14,41.0,43.15,40.85,42.4,10010283.0,,,
2023-12-15,42.6,43.65,41.75,42.2,8286725.0,,,
2023-12-18,42.05,42.05,40.4,40.95,7327536.0,,,
2023-12-19,41.9,41.9,38.8,40.6,6761847.0,,,
2023-12-20,41.15,41.2,40.05,40.3,3383717.0,,,
2023-12-21,40.3,40.4,38.95,39.75,3462327.0,,,
2023-12-22,39.55,39.55,37.6,38.3,7394144.0,,,
2023-12-27,38.95,40.8,38.15,40.55,8218051.0,,,
2023-12-28,40.9,42.4,40.2,41.55,5348000.0,,,
2023-12-29,41.55,42.95,41.2,42.75,4556168.0,,,
2024-01-02,42.5,43.4,42.0,42.5,4564662.0,,,
2024-01-03,42.45,43.7,40.8,41.55,6137056.0,,,
2024-01-04,41.65,41.8,40.45,41.6,3894095.0,,,
2024-01-05,41.65,41.65,38.0,38.4,13096297.0,,,
2024-01-08,38.6,39.3,37.3,38.3,5987037.0,,,
2024-01-09,39.6,40.55,38.8,39.05,10616408.0,,,
2024-01-10,39.5,41.8,39.5,41.6,10119790.0,,,
2024-01-11,41.5,42.4,40.1,40.9,7550723.0,,,
2024-01-12,41.0,41.15,39.9,40.1,5872013.0,,,
2024-01-15,40.1,41.9,39.8,41.45,6475494.0,,,
2024-01-16,41.15,42.3,40.35,40.6,7850643.0,,,
2024-01-17,40.6,41.0,38.15,38.7,10305076.0,,,
2024-01-18,38.8,40.0,38.35,39.75,9969321.0,,,
2024-01-19,39.55,39.75,35.7,36.2,23652486.0,,,
2024-01-22,36.4,36.45,33.55,34.3,17650149.0,,,
2024-01-23,34.3,36.15,33.8,35.15,10451707.0,,,
2024-01-24,35.75,36.25,34.5,35.7,6477049.0,,,
2024-01-25,35.65,36.2,34.75,36.0,6056052.0,,,
2024-01-26,35.7,36.25,32.25,33.35,19595352.0,,,
2024-01-29,33.9,34.3,33.15,33.55,7779946.0,,,
2024-01-30,33.45,33.45,31.4,31.85,9572826.0,,,
2024-01-31,31.85,32.15,31.1,31.5,9929925.0,,,
2024-02-01,31.85,33.55,31.35,33.0,10056607.0,,,
2024-02-02,33.0,33.95,31.3,31.95,11229606.0,,,
2024-02-05,31.7,31.7,29.7,30.1,14412025.0,,,
2024-02-06,29.95,33.3,28.3,33.0,22479366.0,,,
2024-02-07,33.6,36.15,33.6,34.75,21530572.0,,,
2024-02-08,34.75,35.95,34.2,34.7,9183794.0,,,
2024-02-09,35.1,36.2,34.2,36.0,4394098.0,,,
2024-02-14,35.6,36.9,34.45,36.45,9059222.0,,,
2024-02-15,36.45,37.9,35.8,37.3,4939397.0,,,
2024-02-16,37.25,40.75,37.1,40.1,7992777.0,,,
2024-02-19,40.1,40.15,37.65,38.75,7770318.0,,,
2024-02-20,38.75,41.5,38.75,40.15,11148291.0,,,
2024-02-21,40.25,41.1,39.65,39.75,8008782.0,,,
2024-02-22,39.75,40.5,39.25,40.0,7262773.0,,,
2024-02-23,39.5,40.6,39.25,39.8,8885019.0,,,
2024-02-26,39.8,40.8,39.1,39.35,7573053.0,,,
2024-02-27,39.75,42.25,39.55,42.2,7508440.0,,,
2024-02-28,43.3,43.85,41.25,42.05,11475525.0,,,
2024-02-29,42.05,43.2,41.75,42.35,21856321.0,,,
2024-03-01,42.5,42.5,39.2,39.7,11681743.0,,,
2024-03-04,39.85,41.8,39.85,41.7,7097044.0,,,
2024-03-05,41.55,41.9,38.95,39.15,7053040.0,,,
2024-03-06,39.15,39.4,38.05,38.75,8067582.0,,,
2024-03-07,38.15,39.1,37.55,38.5,7078707.0,,,
2024-03-08,38.65,40.0,38.65,39.35,4452015.0,,,
2024-03-11,39.8,40.2,39.1,40.0,2907781.0,,,
2024-03-12,40.15,41.4,39.75,40.55,4077739.0,,,
2024-03-13,40.55,44.5,38.8,43.85,14405651.0,,,
2024-03-14,46.0,46.15,39.2,41.35,35511421.0,,,
2024-03-15,41.35,43.3,40.7,42.65,16196328.0,,,
2024-03-18,43.05,43.05,40.75,42.3,11311925.0,,,
2024-03-19,41.85,42.3,38.55,38.8,16229723.0,,,
2024-03-20,38.9,40.05,38.9,39.35,8376356.0,,,
2024-03-21,39.4,39.8,37.6,38.1,10219987.0,,,
2024-03-22,38.0,38.0,34.85,36.0,23378700.0,,,
2024-03-25,35.7,38.3,35.7,37.3,10764021.0,,,
2024-03-26,37.4,38.95,37.1,38.55,7182908.0,,,
2024-03-27,38.4,39.1,38.0,38.45,5589408.0,,,
2024-03-28,38.45,38.75,37.5,37.7,7021800.0,,,
2024-04-02,38.35,38.9,36.45,37.7,6894983.0,,,
2024-04-03,37.2,37.35,35.85,36.15,6456354.0,,,
2024-04-05,35.8,36.2,34.9,35.75,1548650.0,,,
2024-04-08,35.8,37.3,35.5,36.55,5116792.0,,,
2024-04-09,36.6,38.2,35.85,38.05,6922562.0,,,
2024-04-10,37.9,38.2,36.8,37.5,5468693.0,,,
2024-04-11,36.85,37.65,36.6,37.4,5970402.0,,,
2024-04-12,37.75,38.25,36.95,37.35,3804624.0,,,
2024-04-15,36.95,37.25,35.55,35.85,5788923.0,,,
2024-04-16,35.85,36.35,34.2,34.7,5838579.0,,,
2024-04-17,34.7,35.0,33.8,34.3,6394614.0,,,
2024-04-18,34.0,34.45,33.3,33.7,8517389.0,,,
2024-04-19,33.55,33.55,32.3,33.2,5694087.0,,,
2024-04-22,33.65,34.75,32.45,33.95,6874289.0,,,
2024-04-23,34.6,36.65,34.1,36.15,8682141.0,,,
2024-04-24,36.3,38.5,35.9,38.15,9468453.0,,,
2024-04-25,38.15,39.7,37.95,38.55,7877936.0,,,
2024-04-26,39.15,39.95,38.5,39.15,7286643.0,,,
2024-04-29,39.5,40.5,38.85,39.75,8879787.0,,,
2024-04-30,39.5,40.4,38.0,38.25,8629492.0,,,
2024-05-02,38.1,42.0,37.5,41.85,7914927.0,,,
2024-05-03,42.0,42.55,39.95,40.9,7413177.0,,,
2024-05-06,41.0,41.7,39.55,40.5,9315540.0,,,
2024-05-07,40.6,40.7,39.65,39.9,5391500.0,,,
2024-05-08,39.65,41.0,39.0,40.0,6119654.0,,,
2024-05-09,39.85,40.95,39.8,40.55,5760382.0,,,
2024-05-10,40.7,41.8,40.15,41.4,7296405.0,,,
2024-05-13,41.75,41.8,39.4,39.5,8373208.0,,,
2024-05-14,39.2,40.85,39.2,39.45,4647130.0,,,
2024-05-16,40.45,40.45,38.95,39.8,5678689.0,,,
2024-05-17,39.8,40.65,39.35,40.05,6899109.0,,,
2024-05-20,39.4,41.3,39.4,40.15,6270008.0,,,
2024-05-21,40.3,40.3,38.05,38.2,7394060.0,,,
2024-05-22,38.45,38.9,37.6,38.0,3666035.0,,,
2024-05-23,38.0,38.0,36.65,37.0,4720485.0,,,
2024-05-24,36.65,37.65,34.75,35.9,11277147.0,,,
2024-05-27,35.9,36.6,35.0,36.15,5317988.0,,,
2024-05-28,36.15,37.55,35.95,36.8,5504891.0,,,
2024-05-29,36.35,36.7,35.2,35.8,7693126.0,,,
2024-05-30,35.8,36.6,35.05,35.25,3789772.0,,,
2024-05-31,36.2,36.8,34.9,35.2,9758852.0,,,
2024-06-03,35.1,35.45,34.1,34.4,5078754.0,,,
2024-06-04,34.5,36.95,34.15,36.8,6566248.0,,,
2024-06-05,36.85,37.5,36.45,37.1,5682481.0,,,
2024-06-06,37.4,37.65,35.6,35.75,4139287.0,,,
2024-06-07,35.95,36.2,35.45,35.8,2428439.0,,,
2024-06-11,36.1,36.25,34.5,34.85,4824110.0,,,
2024-06-12,34.85,35.95,34.3,35.3,4054200.0,,,
2024-06-13,35.35,36.45,35.35,36.25,4044757.0,,,
2024-06-14,36.55,38.4,36.3,38.3,10033932.0,,,
2024-06-17,37.75,39.0,37.7,38.05,5597889.0,,,
2024-06-18,38.4,38.85,37.1,37.4,5431783.0,,,
2024-06-19,37.0,38.55,37.0,38.15,4987832.0,,,
2024-06-20,38.35,39.25,36.75,37.15,10756021.0,,,
2024-06-21,37.15,37.95,36.6,36.8,5993903.0,,,
2024-06-24,36.3,37.45,36.3,37.3,4192040.0,,,
2024-06-25,37.2,38.15,36.9,37.95,4441163.0,,,
2024-06-26,38.5,39.7,37.55,39.5,9132364.0,,,
2024-06-27,39.5,39.6,38.25,39.05,4281335.0,,,
2024-06-28,39.0,39.25,36.6,36.8,8441281.0,,,
2024-07-02,36.85,39.1,36.85,37.4,4411391.0,,,
2024-07-03,37.9,38.75,37.3,38.05,3119610.0,,,
2024-07-04,38.0,38.4,36.7,37.0,3008119.0,,,
2024-07-05,36.6,39.8,36.6,39.65,7246592.0,,,
2024-07-08,39.65,39.75,37.6,37.8,7449874.0,,,
2024-07-09,37.8,38.1,35.45,36.6,7750739.0,,,
2024-07-10,36.15,36.8,35.7,36.1,4674456.0,,,
2024-07-11,36.1,38.45,36.1,38.35,7192800.0,,,
2024-07-12,39.1,40.85,39.0,40.7,9267552.0,,,
2024-07-15,40.7,41.0,38.8,39.1,4319981.0,,,
2024-07-16,39.05,40.0,39.05,39.85,3968289.0,,,
2024-07-17,40.0,41.8,40.0,41.15,11815683.0,,,
2024-07-18,41.15,41.4,40.4,40.75,1810217.0,,,
2024-07-19,40.25,41.55,40.05,40.55,5105452.0,,,
2024-07-22,40.6,42.45,40.55,42.2,7042472.0,,,
2024-07-23,42.3,42.35,40.6,40.85,4384940.0,,,
2024-07-24,40.85,41.45,39.95,40.25,5379099.0,,,
2024-07-25,40.1,40.1,38.15,38.65,6008189.0,,,
2024-07-26,39.2,39.65,38.6,38.9,3707031.0,,,
2024-07-29,39.2,39.2,37.25,37.4,6168345.0,,,
2024-07-30,37.15,37.65,36.4,36.8,4606719.0,,,
2024-07-31,37.4,39.05,36.55,38.7,7019660.0,,,
2024-08-01,38.35,40.25,38.0,38.95,6695416.0,,,
2024-08-02,38.4,40.6,38.25,39.25,7205926.0,,,
2024-08-05,38.55,41.55,38.25,39.95,9067208.0,,,
2024-08-06,39.9,41.5,39.6,41.3,8978863.0,,,
2024-08-07,41.5,41.55,39.9,40.3,5714201.0,,,
2024-08-08,40.3,41.75,39.25,41.15,8742977.0,,,
2024-08-09,42.4,43.05,41.05,41.65,7698678.0,,,
2024-08-12,41.6,42.5,41.35,42.0,5108239.0,,,
2024-08-13,42.0,42.45,40.45,42.0,5112401.0,,,
2024-08-14,41.95,42.25,40.45,41.05,4622124.0,,,
2024-08-15,40.95,42.15,40.15,41.8,3876354.0,,,
2024-08-16,41.45,42.25,40.45,40.9,4958327.0,,,
2024-08-19,41.2,41.85,40.3,40.7,4398584.0,,,
2024-08-20,40.9,41.7,40.8,41.45,3291855.0,,,
2024-08-21,41.45,43.75,41.0,43.45,10997767.0,,,
2024-08-22,43.6,44.5,42.75,43.95,6699782.0,,,
2024-08-23,44.0,44.0,42.75,43.45,6529112.0,,,
2024-08-26,43.75,43.85,42.0,43.5,7060403.0,,,
2024-08-27,43.25,44.5,42.95,44.3,4312100.0,,,
2024-08-28,44.4,45.0,43.85,44.1,6804836.0,,,
2024-08-29,43.55,43.75,41.65,43.5,6860258.0,,,
2024-08-30,43.35,43.35,42.1,42.45,7244406.0,,,
2024-09-02,42.2,42.85,41.6,42.4,2845616.0,,,
2024-09-03,41.8,42.95,41.8,42.45,3783206.0,,,
2024-09-04,41.8,43.0,41.35,42.95,4180243.0,,,
2024-09-05,42.85,43.4,42.3,43.15,2798369.0,,,
2024-09-09,43.15,43.2,41.05,41.75,6352296.0,,,
2024-09-10,42.1,42.75,41.6,42.25,3647152.0,,,
2024-09-11,41.7,43.5,41.7,43.3,6629663.0,,,
2024-09-12,43.0,45.2,42.8,42.95,5908324.0,,,
2024-09-13,43.2,44.65,43.2,44.05,7451834.0,,,
2024-09-16,44.0,44.5,42.55,44.2,2663754.0,,,
2024-09-17,44.2,44.2,42.8,43.8,1593000.0,,,
2024-09-19,43.85,44.65,41.5,42.15,10674404.0,,,
2024-09-20,42.0,43.15,41.25,42.6,7227405.0,,,
2024-09-23,42.6,42.95,41.6,41.8,3902954.0,,,
2024-09-24,42.15,42.5,39.95,41.4,11462541.0,,,
2024-09-25,42.9,43.35,41.75,42.35,8385158.0,,,
2024-09-26,42.35,44.9,41.85,44.8,11992214.0,,,
2024-09-27,44.55,48.0,44.3,46.6,15878571.0,,,
2024-09-30,47.1,48.2,45.5,47.1,21176563.0,,,
2024-10-02,46.45,47.45,45.6,46.6,13981497.0,,,
2024-10-03,46.35,46.4,44.4,45.9,7265145.0,,,
2024-10-04,46.0,51.25,45.05,51.15,13176730.0,,,
2024-10-07,51.2,52.15,47.9,49.8,22369742.0,,,
2024-10-08,52.0,52.0,44.25,49.05,52919385.0,,,
2024-10-09,49.05,50.0,45.9,47.4,24235804.0,,,
2024-10-10,48.1,49.95,48.0,48.85,18504327.0,,,
2024-10-14,46.95,47.85,45.15,46.2,12255331.0,,,
2024-10-15,46.7,46.7,44.35,44.6,10448243.0,,,
2024-10-16,44.6,45.3,43.3,43.85,8303636.0,,,
2024-10-17,44.35,46.3,44.1,44.85,10656337.0,,,
2024-10-18,44.65,47.2,44.65,46.45,5528279.0,,,
2024-10-21,46.5,47.0,45.3,45.55,6301236.0,,,
2024-10-22,45.5,46.95,44.9,45.7,5722376.0,,,
2024-10-23,45.25,46.25,44.7,45.0,6681851.0,,,
2024-10-24,44.75,44.95,43.1,43.8,9960855.0,,,
2024-10-25,43.85,44.7,43.35,44.25,8682706.0,,,
2024-10-28,42.7,42.7,38.15,38.7,49273866.0,,,
2024-10-29,39.1,40.25,36.45,37.15,45897178.0,,,
2024-10-30,36.6,36.8,34.9,35.5,29435696.0,,,
2024-10-31,35.8,36.2,33.75,33.8,28304453.0,,,
2024-11-01,33.55,35.35,33.2,35.05,23109352.0,,,
2024-11-04,39.0,40.05,37.85,39.55,40865087.0,,,
2024-11-05,39.5,39.55,38.05,39.2,17934666.0,,,
2024-11-06,38.6,39.25,38.05,38.15,11276766.0,,,
2024-11-07,37.8,37.95,36.7,37.45,15985664.0,,,
2024-11-08,38.0,39.15,37.2,38.85,16108103.0,,,
2024-11-11,37.95,38.15,36.75,37.3,16109626.0,,,
2024-11-12,36.05,39.0,36.05,37.75,14011711.0,,,
2024-11-13,37.3,37.75,36.55,37.15,9990996.0,,,
2024-11-14,36.8,38.25,36.8,37.7,9863683.0,,,
2024-11-15,37.4,38.5,36.8,37.2,6219874.0,,,
2024-11-18,36.85,37.15,35.7,35.95,8644793.0,,,
2024-11-19,35.85,36.4,35.6,35.9,5251397.0,,,
2024-11-20,36.0,38.95,35.55,38.8,20854284.0,,,
2024-11-21,38.5,40.1,38.25,38.5,9518049.0,,,
2024-11-22,38.7,38.7,36.9,37.0,6116123.0,,,
2024-11-25,37.05,38.35,36.95,37.1,13515410.0,,,
2024-11-26,37.4,38.7,37.15,38.4,7218659.0,,,
2024-11-27,38.4,40.0,38.35,39.35,11415857.0,,,
2024-11-28,39.4,39.95,38.7,39.15,6205137.0,,,
2024-11-29,39.15,39.5,38.4,38.55,7052864.0,,,
2024-12-02,38.35,39.5,38.1,38.65,8727890.0,,,
2024-12-03,38.5,39.15,37.3,38.0,10382101.0,,,
2024-12-04,38.2,38.3,36.9,37.55,10350681.0,,,
2024-12-05,37.55,38.0,36.35,37.65,9356637.0,,,
2024-12-06,37.65,38.6,37.0,37.8,7899257.0,,,
2024-12-09,38.7,39.25,38.1,39.1,5381567.0,,,
2024-12-10,40.05,40.1,38.15,38.15,5024627.0,,,
2024-12-11,38.25,38.8,37.85,38.2,4592040.0,,,
2024-12-12,37.5,38.55,37.5,38.1,5026654.0,,,
2024-12-13,38.05,38.05,37.1,37.4,4434799.0,,,
2024-12-16,37.35,37.45,35.7,36.25,9482321.0,,,
2024-12-17,36.3,36.75,36.0,36.2,5366256.0,,,
2024-12-18,36.15,36.9,36.0,36.5,4902580.0,,,
2024-12-19,35.9,36.5,35.8,36.0,5321808.0,,,
2024-12-20,36.1,36.15,35.1,35.2,8289830.0,,,
2024-12-23,35.8,35.85,34.6,35.05,7038339.0,,,
2024-12-24,35.05,36.15,34.4,35.8,4634929.0,,,
2024-12-27,36.05,36.1,35.0,35.6,7360463.0,,,
2024-12-30,35.6,37.25,35.6,36.1,8410729.0,,,
2024-12-31,36.1,37.15,35.85,36.6,3178987.0,,,
2025-01-02,37.1,37.75,35.35,35.5,6499614.0,,,
2025-01-03,36.1,36.65,35.2,35.45,5093290.0,,,
2025-01-06,35.7,36.35,35.0,35.3,5078949.0,,,
2025-01-07,35.25,35.6,34.7,35.15,5526262.0,,,
2025-01-08,35.2,35.3,33.55,33.95,10872775.0,,,
2025-01-09,33.6,34.5,32.85,33.1,9748926.0,,,
2025-01-10,33.1,33.6,32.75,33.55,9207538.0,,,
2025-01-13,33.3,34.3,33.0,33.85,8761451.0,,,
2025-01-14,34.1,34.95,33.9,34.65,4703219.0,,,
2025-01-15,34.45,34.8,33.35,33.45,5830032.0,,,
2025-01-16,33.75,34.35,28.65,30.0,43198071.0,,,
2025-01-17,30.5,32.0,30.1,31.45,19573300.0,,,
2025-01-20,31.35,32.6,30.9,31.05,16679814.0,,,
2025-01-21,31.25,31.65,30.85,31.3,8560629.0,,,
2025-01-22,31.3,32.25,30.75,31.9,14249418.0,,,
2025-01-23,32.05,32.5,31.4,31.65,7738811.0,,,
2025-01-24,31.95,33.0,31.5,32.35,8377822.0,,,
2025-01-27,32.45,33.4,32.15,33.0,4905075.0,,,
2025-01-28,33.0,33.15,32.55,33.05,1259000.0,,,
2025-02-03,32.75,33.05,31.3,32.75,3846192.0,,,
2025-02-04,31.6,33.55,31.6,33.15,1778368.0,,,
2025-02-05,33.15,33.35,32.15,33.05,6546546.0,,,
2025-02-06,33.05,36.0,32.7,35.8,15947057.0,,,
2025-02-07,36.0,37.2,35.55,36.25,11951937.0,,,
2025-02-10,36.45,37.45,36.25,36.35,9516738.0,,,
2025-02-11,36.45,36.85,35.65,35.9,7660163.0,,,
2025-02-12,36.4,36.4,34.65,35.5,12744479.0,,,
2025-02-13,36.0,36.8,35.5,35.85,11985133.0,,,
2025-02-14,36.3,38.2,36.15,37.5,17503292.0,,,
2025-02-17,37.8,39.4,37.35,38.5,21450533.0,,,
2025-02-18,38.4,38.85,37.65,38.1,14517523.0,,,
2025-02-19,37.95,38.7,37.4,38.5,7801488.0,,,
2025-02-20,38.6,40.0,38.15,39.3,12408854.0,,,
2025-02-21,40.0,41.75,40.0,41.7,22199079.0,,,
2025-02-24,41.85,41.9,39.7,40.45,20905431.0,,,
2025-02-25,39.6,41.1,38.6,40.35,11740162.0,,,
2025-02-26,40.15,43.45,39.85,43.05,21011556.0,,,
2025-02-27,42.95,44.5,42.05,43.2,19569134.0,,,
2025-02-28,43.05,43.75,40.1,40.45,22102385.0,,,
2025-03-03,40.95,41.3,39.85,40.65,11954071.0,,,
2025-03-04,39.8,40.7,39.0,40.4,9972710.0,,,
2025-03-05,41.0,41.3,38.95,40.15,12526479.0,,,
2025-03-06,40.7,42.4,39.5,40.35,20676392.0,,,
2025-03-07,40.4,40.75,39.05,40.2,11857173.0,,,
2025-03-10,40.35,40.55,38.55,39.0,12313364.0,,,
2025-03-11,38.45,40.4,38.25,39.8,11531614.0,,,
2025-03-12,40.05,40.6,38.45,38.9,9470828.0,,,
2025-03-13,39.0,40.0,38.55,39.3,8158367.0,,,
2025-03-14,39.45,41.4,39.0,40.95,14303310.0,,,
2025-03-17,41.5,41.9,39.85,40.05,9673348.0,,,
2025-03-18,40.35,41.6,40.15,40.8,12679817.0,,,
2025-03-19,40.95,42.6,40.0,41.7,21588700.0,,,
2025-03-20,42.1,43.5,41.05,43.2,19188053.0,,,
2025-03-21,43.0,43.4,40.4,40.6,15272525.0,,,
2025-03-24,40.8,41.25,39.35,40.35,11127696.0,,,
2025-03-25,40.05,40.7,38.85,39.15,7953742.0,,,
2025-03-26,38.85,39.4,38.05,39.05,8814364.0,,,
2025-03-27,40.6,46.5,39.8,45.85,57294838.0,,,
2025-03-28,45.85,48.4,45.6,46.2,30690543.0,,,
2025-03-31,45.65,48.25,45.0,46.6,28522798.0,,,
2025-04-01,46.6,50.75,46.6,48.85,40594818.0,,,
2025-04-02,47.7,51.0,47.7,49.85,25948109.0,,,
2025-04-03,49.2,51.0,47.75,50.25,24882726.0,,,
2025-04-07,42.8,44.55,38.65,39.65,48084048.0,,,
2025-04-08,41.5,42.8,39.2,42.05,30352283.0,,,
2025-04-09,38.95,42.8,36.6,42.2,40219476.0,,,
2025-04-10,43.8,45.8,42.4,43.7,28844060.0,,,
2025-04-11,43.0,48.35,43.0,47.75,34047743.0,,,
2025-04-14,48.4,49.85,47.6,48.4,21886179.0,,,
2025-04-15,48.7,50.35,47.7,48.35,14482132.0,,,
2025-04-16,48.0,48.15,45.45,46.15,17258565.0,,,
2025-04-17,46.2,47.8,45.3,47.25,12575206.0,,,
2025-04-22,48.8,52.85,48.05,52.45,29017202.0,,,
2025-04-23,53.0,54.85,50.75,51.45,24722960.0,,,
2025-04-24,52.95,55.7,52.8,54.95,37349072.0,,,
2025-04-25,54.95,56.1,53.55,54.35,18133490.0,,,
2025-04-28,51.5,54.85,51.5,54.2,23517584.0,,,
2025-04-29,53.8,55.45,52.6,53.65,65920684.0,,,
2025-04-30,53.8,55.3,52.75,53.75,15030318.0,,,
2025-05-02,53.6,55.5,53.2,54.9,6270797.0,,,
2025-05-06,55.0,56.0,54.1,54.3,14802751.0,,,
2025-05-07,53.2,55.0,51.3,52.3,32641453.0,,,
2025-05-08,52.0,52.85,50.15,51.7,18523753.0,,,
2025-05-09,51.0,53.05,50.55,52.4,9412603.0,,,
2025-05-12,50.2,51.25,48.25,49.4,32074408.0,,,
2025-05-13,51.65,52.15,49.75,50.0,16962764.0,,,
2025-05-14,49.8,51.15,49.05,50.1,11161167.0,,,
2025-05-15,49.35,50.25,49.1,49.95,13444995.0,,,
2025-05-16,49.6,52.85,49.6,51.0,15280011.0,,,
2025-05-19,51.0,53.9,50.7,53.05,14221053.0,,,
2025-05-20,55.5,57.75,54.85,55.3,25582041.0,,,
2025-05-21,55.6,57.65,55.1,55.9,18557774.0,,,
2025-05-22,55.8,56.35,54.5,56.25,11829261.0,,,
2025-05-23,59.3,61.7,57.25,58.6,48078191.0,,,
2025-05-26,60.5,61.0,55.75,56.55,23071579.0,,,
2025-05-27,55.5,60.0,55.4,59.55,17945902.0,,,
2025-05-28,60.0,60.95,58.85,60.2,13814019.0,,,
2025-05-29,60.7,62.6,59.15,62.1,24563744.0,,,
2025-05-30,64.5,64.9,60.85,61.95,21250571.0,,,
2025-06-02,61.2,63.4,61.0,63.1,7680120.0,,,
2025-06-03,64.95,65.9,62.9,65.05,23126470.0,,,
2025-06-04,69.0,76.95,68.55,74.25,60950873.0,,,
2025-06-05,74.25,75.55,70.55,72.3,31001985.0,,,
2025-06-06,71.2,74.0,71.2,73.15,23944479.0,,,
2025-06-09,74.55,80.2,72.9,79.0,41511020.0,,,
2025-06-10,78.0,83.25,76.5,81.1,76412060.0,,,
2025-06-11,80.5,83.0,79.0,79.95,27507714.0,,,
2025-06-12,78.5,82.45,78.5,80.75,27859002.0,,,
2025-06-13,81.45,83.8,79.1,80.7,35109754.0,,,
2025-06-16,80.3,83.5,77.5,80.3,25560196.0,,,
2025-06-17,82.0,83.5,75.6,77.1,25918261.0,,,
2025-06-18,75.85,79.1,75.0,78.6,18019049.0,,,
2025-06-19,80.15,83.4,76.6,78.45,31178257.0,,,
2025-06-20,78.45,79.3,75.35,77.7,21547044.0,,,
2025-06-23,76.6,80.15,75.15,78.9,21715603.0,,,
2025-06-24,79.5,82.65,76.85,82.1,23198351.0,,,
2025-06-25,83.35,83.7,80.35,82.4,16763657.0,,,
2025-06-26,79.85,80.15,77.75,78.6,41894602.0,,,
2025-06-27,79.0,80.5,75.35,77.35,35203770.0,,,
2025-06-30,78.8,80.8,75.6,78.4,27799285.0,,,
2025-07-02,80.0,82.35,78.0,79.3,29389722.0,,,
2025-07-03,79.0,86.55,78.6,84.6,29257550.0,,,
2025-07-04,85.0,87.8,83.35,86.2,21770018.0,,,
2025-07-07,87.8,88.55,81.9,82.55,23823699.0,,,
2025-07-08,83.05,85.2,81.05,82.35,17584187.0,,,
2025-07-09,81.75,83.9,80.25,82.25,17089853.0,,,
2025-07-10,81.7,83.45,79.4,80.25,17467848.0,,,
2025-07-11,80.8,83.45,80.0,80.55,17696166.0,,,
2025-07-14,80.55,82.35,79.5,82.0,17319035.0,,,
2025-07-15,82.5,86.4,81.55,85.9,20341034.0,,,
2025-07-16,86.2,87.05,84.95,86.2,13874379.0,,,
2025-07-17,86.95,90.25,86.55,89.1,25428845.0,,,
2025-07-18,89.85,91.7,87.75,89.05,15552338.0,,,
2025-07-21,90.0,91.15,87.25,88.65,10483351.0,,,
2025-07-22,88.65,92.0,86.55,87.6,17778049.0,,,
2025-07-23,88.7,91.3,86.8,88.0,20305570.0,,,
2025-07-24,88.0,88.55,84.7,88.2,20662213.0,,,
2025-07-25,88.2,91.7,87.9,89.15,19114615.0,,,
2025-07-28,89.9,94.35,89.1,93.9,17709916.0,,,
2025-07-29,95.0,100.0,93.05,99.95,27139490.0,,,
2025-07-30,100.3,106.0,95.85,98.45,53711910.0,,,
2025-07-31,99.0,100.8,96.4,98.0,21002134.0,,,
2025-08-01,97.0,99.6,91.8,93.0,24052833.0,,,
2025-08-04,92.45,94.45,90.2,92.9,15855227.0,,,
2025-08-05,94.9,99.1,94.15,98.75,17692363.0,,,
2025-08-06,98.85,99.4,96.1,98.05,13318611.0,,,
2025-08-07,96.85,98.8,90.55,91.4,32235490.0,,,
2025-08-08,91.4,93.2,89.6,91.25,18274901.0,,,
2025-08-11,93.0,93.55,85.65,89.95,30762712.0,,,
2025-08-12,90.55,90.55,85.5,87.3,25300254.0,,,
2025-08-13,89.05,96.0,88.55,95.0,26739588.0,,,
2025-08-14,97.15,98.35,95.3,96.0,16527182.0,,,
2025-08-15,95.8,99.5,95.5,97.5,13549158.0,,,
2025-08-18,99.0,103.5,98.5,101.9,20740825.0,,,
2025-08-19,101.9,102.9,96.0,97.75,24023054.0,,,
2025-08-20,97.0,98.85,93.1,94.65,17538128.0,,,
2025-08-21,96.25,99.65,95.2,99.3,10889562.0,,,
2025-08-22,101.5,102.4,97.7,99.45,11623171.0,,,
2025-08-25,101.3,102.8,96.8,99.95,14911542.0,,,
2025-08-26,99.95,100.3,93.65,95.75,43626515.0,,,
2025-08-27,99.1,99.1,90.05,91.0,30586612.0,,,
2025-08-28,94.9,94.9,88.35,90.65,22635180.0,,,
2025-08-29,91.9,98.45,89.7,96.85,26710648.0,,,
2025-09-01,98.65,106.5,95.15,105.4,27986303.0,,,
2025-09-02,105.4,108.5,103.0,105.3,15122561.0,,,
2025-09-03,107.0,109.0,103.7,107.0,13063627.0,,,
2025-09-04,109.1,109.1,99.0,100.1,20809884.0,,,
2025-09-05,100.1,104.2,98.5,103.1,19459787.0,,,
2025-09-08,104.0,107.5,98.55,100.5,27413434.0,,,
2025-09-09,99.45,103.2,97.1,100.9,14814575.0,,,
2025-09-10,101.0,103.4,98.05,99.6,12256843.0,,,
2025-09-11,91.0,98.35,85.7,97.1,51240460.0,,,
2025-09-12,99.5,100.5,96.3,97.85,13419082.0,,,
2025-09-15,98.5,101.9,94.8,95.6,20045883.0,,,
2025-09-16,97.5,98.0,93.8,96.25,14137833.0,,,
2025-09-17,96.0,96.85,92.85,96.5,20913052.0,,,
2025-09-18,97.0,98.55,94.0,97.35,16918205.0,,,
2025-09-19,97.5,98.3,90.0,92.05,34618371.0,,,
2025-09-22,93.2,95.5,91.55,94.7,13572187.0,,,
2025-09-23,95.35,96.15,91.1,93.45,12486370.0,,,
2025-09-24,93.1,95.7,91.9,95.05,13606787.0,,,
2025-09-25,96.0,96.75,94.0,95.05,10693475.0,,,
2025-09-26,92.35,94.15,90.6,93.25,13980978.0,,,
2025-09-29,94.0,95.5,91.35,93.6,12535427.0,,,
2025-09-30,95.3,96.55,91.25,96.4,18545906.0,,,
2025-10-02,96.8,101.5,96.15,100.7,6797155.0,,,
2025-10-03,101.8,101.8,97.35,97.95,3578711.0,,,
2025-10-06,98.6,100.5,96.8,100.5,3031024.0,,,
2025-10-08,101.0,105.0,100.4,104.7,6194648.0,,,
2025-10-09,103.0,103.0,94.25,95.1,25616568.0,,,
2025-10-10,95.1,97.55,93.4,93.95,13129629.0,,,
2025-10-13,90.0,92.0,86.7,90.0,27147340.0,,,
2025-10-14,91.5,92.05,82.75,83.8,31965432.0,,,
2025-10-15,85.05,85.9,80.85,85.6,17013032.0,,,
2025-10-16,85.6,89.65,85.05,88.75,14176372.0,,,
2025-10-17,90.85,90.85,86.0,86.85,13476448.0,,,
2025-10-20,89.95,89.95,85.0,86.1,14492413.0,,,
2025-10-21,86.65,88.3,84.15,86.9,19316176.0,,,
2025-10-22,95.5,95.5,83.85,85.2,71646053.0,,,
2025-10-23,86.05,87.2,82.8,85.1,24155180.0,,,
2025-10-24,86.05,88.1,84.85,85.55,15428703.0,,,
2025-10-27,87.9,88.2,84.4,86.1,14919443.0,,,
2025-10-28,86.0,86.35,83.7,84.6,13926367.0,,,
2025-10-30,84.25,84.25,79.05,80.7,33551275.0,,,
2025-10-31,81.55,87.8,80.2,87.0,24727884.0,,,
2025-11-03,87.75,91.5,86.25,90.2,21863756.0,,,
2025-11-04,90.6,91.35,86.5,86.85,12521229.0,,,
2025-11-05,85.45,89.1,84.65,88.05,11850963.0,,,
2025-11-06,87.2,88.7,85.65,88.3,7751779.0,,,
2025-11-07,88.5,89.5,84.2,85.2,10137618.0,,,
2025-11-10,85.1,85.7,82.0,84.5,13675288.0,,,
2025-11-11,85.5,85.55,83.6,85.25,5987073.0,,,
2025-11-12,86.0,89.0,84.75,87.15,8616404.0,,,
2025-11-13,88.0,93.2,87.9,91.95,23311922.0,,,
2025-11-14,91.1,94.3,90.65,92.25,9771054.0,,,
2025-11-17,92.3,92.45,88.1,90.8,7974109.0,,,
2025-11-18,90.8,93.45,89.35,90.4,6462932.0,,,
2025-11-19,90.15,90.8,88.0,89.65,4884752.0,,,
2025-11-20,90.5,92.2,89.65,92.2,9059262.0,,,
2025-11-21,91.5,91.5,86.0,87.25,11615810.0,,,
2025-11-24,88.95,92.0,88.55,92.0,17192272.0,,,
2025-11-25,93.0,95.8,92.0,93.8,13230456.0,,,
2025-11-26,96.8,98.3,94.4,94.9,11531925.0,,,
2025-11-27,96.2,99.0,95.1,96.2,10784385.0,,,
2025-11-28,96.2,96.65,93.1,94.1,11052465.0,,,
2025-12-01,94.5,94.8,93.2,94.8,6740710.0,,,
2025-12-02,94.55,94.95,92.85,93.85,6694319.0,,,
2025-12-03,93.85,94.8,91.25,91.8,8259347.0,,,
2025-12-04,94.0,94.4,92.4,93.55,7142030.0,,,
2025-12-05,93.7,94.85,90.25,92.0,33885838.0,,,
