日期,开盘,最高,最低,收盘,成交量,成交额,流通股本,换手率
2021-08-18,40.83,40.84,32.69,35.11,115881157.0,4097362822.0,164684394.0,0.7037
2021-08-19,34.46,40.63,34.17,38.56,81903523.0,3086454945.0,164684394.0,0.4973
2021-08-20,37.22,38.34,35.14,35.49,51855645.0,1917732695.0,164684394.0,0.3149
2021-08-23,35.26,36.7,34.23,35.93,35543217.0,1266891110.0,164684394.0,0.2158
2021-08-24,36.35,38.43,34.76,36.61,40584124.0,1487221462.0,164684394.0,0.2464
2021-08-25,36.16,37.33,35.59,35.77,26576048.0,967049506.0,164684394.0,0.1614
2021-08-26,35.81,38.29,35.67,36.26,31810109.0,1179072983.0,164684394.0,0.1932
2021-08-27,35.86,36.38,34.98,35.63,22479137.0,802515424.0,164684394.0,0.1365
2021-08-30,35.71,37.12,35.22,35.94,21180765.0,769062347.0,164684394.0,0.1286
2021-08-31,35.56,35.85,32.97,33.54,26641766.0,912502772.0,164684394.0,0.1618
2021-09-01,33.45,33.86,32.05,32.83,17400477.0,575281964.0,164684394.0,0.1057
2021-09-02,32.44,33.46,32.42,33.12,12357635.0,408627080.0,164684394.0,0.075
2021-09-03,32.81,34.25,32.57,33.48,15264740.0,513329024.0,164684394.0,0.0927
2021-09-06,33.11,34.34,32.97,33.8,11142092.0,378467166.0,164684394.0,0.0677
2021-09-07,33.76,33.84,33.08,33.37,10873687.0,363751674.0,164684394.0,0.066
2021-09-08,33.25,33.59,32.57,32.57,12355522.0,408790750.0,164684394.0,0.075
2021-09-09,32.57,32.93,32.18,32.32,8143996.0,265392179.0,164684394.0,0.0495
2021-09-10,32.13,33.4,31.26,33.05,18858480.0,614143201.0,164684394.0,0.1145
2021-09-13,32.59,32.67,31.61,31.68,10723133.0,344449672.0,164684394.0,0.0651
2021-09-14,31.97,32.42,31.28,31.37,8489161.0,271176235.0,164684394.0,0.0515
2021-09-15,31.33,31.59,30.78,31.44,7515588.0,235542990.0,164684394.0,0.0456
2021-09-16,31.28,31.49,30.02,30.03,8513366.0,262381676.0,164684394.0,0.0517
2021-09-17,30.15,30.76,29.86,30.34,8031057.0,244534374.0,164684394.0,0.0488
2021-09-22,29.88,31.03,29.83,30.47,5252314.0,161006447.0,164684394.0,0.0319
2021-09-23,30.53,31.33,30.28,30.79,6965076.0,216363567.0,164684394.0,0.0423
2021-09-24,30.63,31.05,30.16,30.21,5472513.0,167804738.0,164684394.0,0.0332
2021-09-27,30.44,32.07,30.19,31.14,10368899.0,324458168.0,164684394.0,0.063
2021-09-28,31.14,31.65,30.16,30.62,6921192.0,214558458.0,164684394.0,0.042
2021-09-29,30.3,30.53,29.65,29.68,7323359.0,220515155.0,164684394.0,0.0445
2021-09-30,29.87,30.18,29.76,30.18,4382322.0,132143606.0,164684394.0,0.0266
2021-10-08,30.44,31.01,30.21,30.4,4859821.0,149153157.0,164684394.0,0.0295
2021-10-11,30.41,31.24,30.31,30.96,6372192.0,197569887.0,164684394.0,0.0387
2021-10-12,30.78,31.15,30.38,30.73,4113999.0,126545320.0,164684394.0,0.025
2021-10-13,30.77,31.97,30.73,31.93,9353952.0,296787786.0,164684394.0,0.0568
2021-10-14,31.89,32.04,31.38,31.49,4970542.0,157604262.0,164684394.0,0.0302
2021-10-15,31.43,32.42,31.39,31.48,9044497.0,289722675.0,164684394.0,0.0549
2021-10-18,31.64,32.2,30.76,30.98,5900205.0,184937865.0,164684394.0,0.0358
2021-10-19,30.99,31.32,30.56,30.63,4869903.0,151076403.0,164684394.0,0.0296
2021-10-20,30.68,31.68,30.39,31.47,7385297.0,231086387.0,164684394.0,0.0448
2021-10-21,31.26,31.47,30.48,30.54,5216926.0,161454909.0,164684394.0,0.0317
2021-10-22,30.78,33.29,30.59,32.45,16525391.0,533805839.0,164684394.0,0.1003
2021-10-25,32.26,32.47,31.69,32.37,6549881.0,210779242.0,164684394.0,0.0398
2021-10-26,32.47,32.74,31.69,31.74,7109122.0,228255064.0,164684394.0,0.0432
2021-10-27,31.68,31.69,29.65,29.92,12008494.0,366229775.0,164684394.0,0.0729
2021-10-28,29.75,30.48,29.48,30.44,7370520.0,222502098.0,164684394.0,0.0448
2021-10-29,29.38,30.22,28.8,29.62,7891683.0,233970413.0,164684394.0,0.0479
2021-11-01,29.38,30.65,29.16,30.18,7657269.0,231454056.0,164684394.0,0.0465
2021-11-02,30.14,31.03,28.97,29.14,10104087.0,304503593.0,164684394.0,0.0614
2021-11-03,29.27,31.38,29.25,30.53,11909268.0,365018060.0,164684394.0,0.0723
2021-11-04,30.57,31.04,30.28,30.58,6068829.0,186360714.0,164684394.0,0.0369
2021-11-05,31.03,31.48,30.58,31.19,9626853.0,300083565.0,164684394.0,0.0585
2021-11-08,30.91,31.15,30.01,30.51,6462542.0,197199784.0,164684394.0,0.0392
2021-11-09,30.34,32.37,30.34,31.86,10680764.0,337321335.0,164684394.0,0.0649
2021-11-10,31.64,32.52,31.36,32.18,10122699.0,325378121.0,164684394.0,0.0615
2021-11-11,31.9,33.2,31.83,32.62,13419124.0,439632318.0,164684394.0,0.0815
2021-11-12,32.7,33.57,32.37,33.24,11871747.0,394823403.0,164684394.0,0.0721
2021-11-15,33.36,33.59,32.56,32.7,10749258.0,355811104.0,164684394.0,0.0653
2021-11-16,32.39,32.68,31.74,31.78,9297166.0,300233723.0,164684394.0,0.0565
2021-11-17,31.93,32.35,31.48,32.32,7743505.0,249249270.0,164684394.0,0.047
2021-11-18,32.23,32.5,31.59,31.63,5984684.0,191512036.0,164684394.0,0.0363
2021-11-19,31.68,32.1,31.49,31.92,6156060.0,196790858.0,164684394.0,0.0374
2021-11-22,32.06,33.15,32.02,32.9,10831844.0,356596003.0,164684394.0,0.0658
2021-11-23,32.87,33.64,32.62,33.07,11064567.0,367952597.0,164684394.0,0.0672
2021-11-24,33.07,33.82,32.85,32.99,11291973.0,378348781.0,164684394.0,0.0686
2021-11-25,32.8,35.28,32.75,34.84,20053305.0,694967470.0,164684394.0,0.1218
2021-11-26,34.36,34.71,33.51,33.55,12559271.0,426823617.0,164684394.0,0.0763
2021-11-29,32.95,33.82,32.89,33.45,6244561.0,209056528.0,164684394.0,0.0379
2021-11-30,33.75,34.2,32.64,32.79,9188788.0,308182252.0,164684394.0,0.0558
2021-12-01,32.68,33.54,32.68,33.1,6213024.0,206604308.0,164684394.0,0.0377
2021-12-02,33.12,34.34,33.08,33.37,8855770.0,299165954.0,164684394.0,0.0538
2021-12-03,33.98,35.11,33.87,34.16,10997411.0,379491322.0,164684394.0,0.0668
2021-12-06,33.75,33.9,32.12,32.12,10973929.0,362235103.0,164684394.0,0.0666
2021-12-07,32.39,32.41,30.63,30.9,10988670.0,343851760.0,164684394.0,0.0667
2021-12-08,31.19,31.47,30.87,31.41,6620058.0,207347521.0,164684394.0,0.0402
2021-12-09,31.37,31.64,31.18,31.57,4801725.0,151515043.0,164684394.0,0.0292
2021-12-10,31.38,32.02,31.0,31.6,5535812.0,175131347.0,164684394.0,0.0336
2021-12-13,31.68,32.29,31.48,31.74,5236344.0,167501118.0,164684394.0,0.0318
2021-12-14,31.62,31.78,31.18,31.27,4306454.0,135587877.0,164684394.0,0.0261
2021-12-15,31.27,31.31,30.66,30.7,6164508.0,191426379.0,164684394.0,0.0374
2021-12-16,30.87,30.99,30.54,30.99,4183873.0,129210475.0,164684394.0,0.0254
2021-12-17,30.88,30.88,30.2,30.44,5052831.0,154019309.0,164684394.0,0.0307
2021-12-20,30.4,30.57,29.88,30.39,3191287.0,96894324.0,164684394.0,0.0194
2021-12-21,30.36,30.62,30.16,30.51,2869818.0,87633077.0,164684394.0,0.0174
2021-12-22,30.61,31.21,30.61,31.13,5600282.0,174228534.0,164684394.0,0.034
2021-12-23,31.03,31.26,30.71,31.13,3661333.0,114079946.0,164684394.0,0.0222
2021-12-24,31.13,31.18,30.1,30.11,4245485.0,129802224.0,164684394.0,0.0258
2021-12-27,30.1,30.35,29.92,30.14,2330123.0,70412804.0,164684394.0,0.0141
2021-12-28,30.26,30.47,30.1,30.37,2409732.0,73281099.0,164684394.0,0.0146
2021-12-29,30.37,30.4,29.88,29.98,3212201.0,96938696.0,164684394.0,0.0195
2021-12-30,29.98,30.57,29.91,30.23,3670436.0,111687202.0,164684394.0,0.0223
2021-12-31,30.24,30.41,30.03,30.05,3873300.0,117138074.0,173873594.0,0.0223
2022-01-04,30.1,30.33,29.94,30.28,3196121.0,96788168.0,173873594.0,0.0184
2022-01-05,30.18,30.31,29.89,30.02,3476634.0,104756967.0,173873594.0,0.02
2022-01-06,29.78,29.81,29.04,29.6,5439901.0,160823130.0,173873594.0,0.0313
2022-01-07,29.63,29.77,29.35,29.51,2362417.0,70132265.0,173873594.0,0.0136
2022-01-10,29.53,29.57,28.89,29.28,3418425.0,99981418.0,173873594.0,0.0197
2022-01-11,29.25,29.42,29.09,29.39,2367900.0,69573378.0,173873594.0,0.0136
2022-01-12,29.41,29.57,29.25,29.52,2498753.0,73843132.0,173873594.0,0.0144
2022-01-13,29.47,29.54,29.24,29.27,2014868.0,59385082.0,173873594.0,0.0116
2022-01-14,29.19,29.81,29.09,29.33,3464881.0,102708220.0,173873594.0,0.0199
2022-01-17,29.38,30.17,29.37,30.07,3777294.0,113225704.0,173873594.0,0.0217
2022-01-18,30.15,30.61,29.93,30.28,4096227.0,124603708.0,173873594.0,0.0236
2022-01-19,30.05,30.28,29.58,29.78,2481011.0,74556319.0,173873594.0,0.0143
2022-01-20,29.62,29.87,29.1,29.22,2841672.0,83835029.0,173873594.0,0.0163
2022-01-21,29.14,29.24,28.97,29.09,1795294.0,52397183.0,173873594.0,0.0103
2022-01-24,29.09,29.34,28.89,28.97,1732397.0,50741048.0,173873594.0,0.01
2022-01-25,28.95,29.07,25.38,25.45,10958753.0,290337766.0,173873594.0,0.063
2022-01-26,25.5,25.74,24.74,25.06,4080474.0,102757359.0,173873594.0,0.0235
2022-01-27,25.5,26.19,25.21,25.27,3864586.0,99354998.0,173873594.0,0.0222
2022-01-28,25.57,26.06,25.2,25.55,2709709.0,69786471.0,173873594.0,0.0156
2022-02-07,26.08,26.75,26.0,26.11,2753894.0,72829323.0,173873594.0,0.0158
2022-02-08,26.16,26.55,25.98,26.46,1995236.0,52649185.0,173873594.0,0.0115
2022-02-09,26.1,26.74,26.1,26.58,2033354.0,54222994.0,173873594.0,0.0117
2022-02-10,26.6,26.73,26.13,26.24,1896416.0,50137460.0,173873594.0,0.0109
2022-02-11,26.19,26.25,25.67,25.78,2169816.0,56540210.0,173873594.0,0.0125
2022-02-14,25.67,26.34,25.28,26.1,2763614.0,72010928.0,173873594.0,0.0159
2022-02-15,26.29,26.5,26.05,26.31,2136193.0,56396063.0,173873594.0,0.0123
2022-02-16,26.41,26.57,25.81,25.91,2555926.0,66834353.0,173873594.0,0.0147
2022-02-17,25.82,25.91,25.21,25.42,4463181.0,114192062.0,173873594.0,0.0257
2022-02-18,25.2,25.2,23.8,24.07,15071797.0,366138430.0,184111303.0,0.0819
2022-02-21,24.12,24.25,23.92,24.11,5003370.0,120883317.0,184111303.0,0.0272
2022-02-22,23.93,24.03,23.43,23.97,4932689.0,117670366.0,184111303.0,0.0268
2022-02-23,24.03,25.1,23.93,25.04,8571232.0,212678126.0,184111303.0,0.0466
2022-02-24,24.71,25.09,23.97,24.37,6042873.0,148897418.0,184111303.0,0.0328
2022-02-25,24.69,25.05,24.44,24.55,4465361.0,110980559.0,184111303.0,0.0243
2022-02-28,24.68,25.15,24.6,25.1,5189768.0,129876653.0,184111303.0,0.0282
2022-03-01,25.13,25.15,24.68,25.03,3128189.0,78213465.0,184111303.0,0.017
2022-03-02,24.87,24.87,24.52,24.7,3310722.0,81864106.0,184111303.0,0.018
2022-03-03,24.86,24.95,24.2,24.4,2719890.0,66818225.0,184111303.0,0.0148
2022-03-04,24.39,24.96,24.11,24.41,3628590.0,89864546.0,184111303.0,0.0197
2022-03-07,24.3,24.3,23.5,23.76,3556073.0,84680668.0,184111303.0,0.0193
2022-03-08,23.61,23.95,23.15,23.41,3649271.0,86297867.0,184111303.0,0.0198
2022-03-09,23.46,23.88,21.81,23.24,4821991.0,111141368.0,184111303.0,0.0262
2022-03-10,23.8,23.88,23.12,23.32,3617964.0,85346464.0,184111303.0,0.0197
2022-03-11,23.11,24.0,22.53,23.97,4685304.0,110407683.0,184111303.0,0.0254
2022-03-14,23.7,24.28,23.09,23.11,3382319.0,80220432.0,184111303.0,0.0184
2022-03-15,22.86,22.98,21.39,21.43,4757916.0,106297296.0,184111303.0,0.0258
2022-03-16,21.9,22.3,20.96,22.19,4898081.0,106127086.0,184111303.0,0.0266
2022-03-17,22.49,23.14,22.49,22.63,5126449.0,117575855.0,184111303.0,0.0278
2022-03-18,22.61,22.89,22.22,22.33,3614724.0,81637763.0,184111303.0,0.0196
2022-03-21,22.44,22.77,22.03,22.43,3102284.0,69712806.0,184111303.0,0.0169
2022-03-22,22.35,22.44,22.0,22.12,2834365.0,63060116.0,184111303.0,0.0154
2022-03-23,22.2,22.34,21.95,22.03,2525134.0,56113206.0,184111303.0,0.0137
2022-03-24,21.91,21.94,21.35,21.39,3562622.0,76863823.0,184111303.0,0.0194
2022-03-25,21.64,21.87,21.01,21.13,3215895.0,69156083.0,184111303.0,0.0175
2022-03-28,21.18,21.26,20.72,21.06,2208989.0,46547750.0,184111303.0,0.012
2022-03-29,21.19,21.29,20.74,20.82,2953577.0,62341590.0,184111303.0,0.016
2022-03-30,20.99,21.71,20.95,21.5,3249936.0,69334529.0,184111303.0,0.0177
2022-03-31,21.43,21.47,20.97,20.98,2770688.0,58909959.0,184111303.0,0.015
2022-04-01,20.95,21.83,20.75,21.61,4104267.0,88439991.0,184111303.0,0.0223
2022-04-06,21.59,21.71,21.38,21.57,2264739.0,48937571.0,184111303.0,0.0123
2022-04-07,21.42,21.6,20.96,20.96,2384105.0,50724720.0,184111303.0,0.0129
2022-04-08,20.96,21.11,20.16,20.25,3532988.0,72687350.0,184111303.0,0.0192
2022-04-11,20.17,20.3,19.52,19.76,3230979.0,63950231.0,184111303.0,0.0175
2022-04-12,19.61,20.22,19.6,20.17,2120790.0,42490062.0,184111303.0,0.0115
2022-04-13,20.03,20.13,19.4,19.42,2196556.0,43605887.0,184111303.0,0.0119
2022-04-14,19.72,19.99,19.42,19.75,2244143.0,44399202.0,184111303.0,0.0122
2022-04-15,19.92,21.52,19.73,20.64,5551269.0,115601107.0,184111303.0,0.0302
2022-04-18,20.53,21.27,20.4,21.04,3777703.0,79248944.0,184111303.0,0.0205
2022-04-19,21.04,21.04,20.28,20.42,2893091.0,59605528.0,184111303.0,0.0157
2022-04-20,20.55,20.61,19.9,20.08,2429979.0,49373303.0,184111303.0,0.0132
2022-04-21,20.0,20.26,19.22,19.3,3166131.0,62448162.0,184111303.0,0.0172
2022-04-22,18.98,19.21,18.44,18.44,3151275.0,59249308.0,184111303.0,0.0171
2022-04-25,18.17,18.17,16.53,16.53,4672471.0,80795802.0,184111303.0,0.0254
2022-04-26,16.62,16.96,15.96,16.0,3720584.0,61433755.0,184111303.0,0.0202
2022-04-27,15.84,16.81,15.53,16.77,4122508.0,67291723.0,184111303.0,0.0224
2022-04-28,16.73,16.88,16.37,16.42,2948964.0,49022895.0,184111303.0,0.016
2022-04-29,16.7,17.35,16.59,17.31,3692802.0,62968131.0,184111303.0,0.0201
2022-05-05,17.21,17.57,16.81,17.24,3133961.0,54298726.0,184111303.0,0.017
2022-05-06,16.66,17.07,16.55,16.74,2248090.0,37846363.0,184111303.0,0.0122
2022-05-09,16.71,16.98,16.52,16.71,2104068.0,35308886.0,184111303.0,0.0114
2022-05-10,16.52,17.35,16.29,17.22,3485540.0,59656464.0,184111303.0,0.0189
2022-05-11,17.12,18.03,17.1,17.73,4959293.0,88430911.0,184111303.0,0.0269
2022-05-12,17.69,17.87,17.39,17.64,2901554.0,51336982.0,184111303.0,0.0158
2022-05-13,17.58,17.88,17.41,17.62,2657951.0,47044571.0,184111303.0,0.0144
2022-05-16,17.82,18.18,17.49,17.76,2897024.0,51774974.0,184111303.0,0.0157
2022-05-17,17.92,18.03,17.55,17.93,3065183.0,54863075.0,184111303.0,0.0166
2022-05-18,17.96,18.25,17.89,18.24,3237441.0,58772449.0,184111303.0,0.0176
2022-05-19,17.86,18.73,17.78,18.61,4409275.0,81334322.0,184111303.0,0.0239
2022-05-20,18.76,18.78,18.4,18.65,3105471.0,57921938.0,184111303.0,0.0169
2022-05-23,18.71,19.07,18.49,18.98,3112485.0,58820399.0,184111303.0,0.0169
2022-05-24,19.0,19.07,18.17,18.17,3148706.0,58852793.0,184111303.0,0.0171
2022-05-25,18.07,18.38,17.97,18.31,2317404.0,42231567.0,184111303.0,0.0126
2022-05-26,18.34,18.34,17.8,18.07,2212060.0,40038462.0,184111303.0,0.012
2022-05-27,18.26,18.38,17.78,17.78,2539495.0,45925224.0,184111303.0,0.0138
2022-05-30,18.1,19.77,18.03,19.04,8578260.0,164521982.0,184111303.0,0.0466
2022-05-31,18.93,19.71,18.64,19.67,5953456.0,115268618.0,184111303.0,0.0323
2022-06-01,19.77,19.77,19.32,19.47,3465393.0,67912334.0,184111303.0,0.0188
2022-06-02,19.34,20.83,19.32,20.62,7175739.0,145940209.0,184111303.0,0.039
2022-06-06,20.67,21.79,20.47,21.62,8211981.0,175881578.0,184111303.0,0.0446
2022-06-07,21.5,21.67,21.06,21.5,5139159.0,110107441.0,184111303.0,0.0279
2022-06-08,21.42,21.69,20.62,21.17,5495744.0,116438629.0,184111303.0,0.0299
2022-06-09,21.16,21.2,20.63,20.67,4675120.0,97467179.0,184111303.0,0.0254
2022-06-10,20.42,21.0,20.34,20.58,7589086.0,156814298.0,184111303.0,0.0412
2022-06-13,20.37,20.72,20.22,20.39,3429304.0,70316676.0,184111303.0,0.0186
2022-06-14,20.15,20.27,19.34,20.01,4577169.0,90865022.0,184111303.0,0.0249
2022-06-15,20.14,20.64,20.04,20.15,3640856.0,74265477.0,184111303.0,0.0198
2022-06-16,20.15,20.76,20.02,20.31,3080365.0,63402925.0,184111303.0,0.0167
2022-06-17,20.15,20.46,19.8,20.26,2892256.0,58412006.0,184111303.0,0.0157
2022-06-20,20.26,20.78,20.12,20.32,2976699.0,60961658.0,184111303.0,0.0162
2022-06-21,20.47,20.47,19.74,19.86,3199890.0,64359048.0,184111303.0,0.0174
2022-06-22,20.02,20.07,19.32,19.32,2813720.0,55336369.0,184111303.0,0.0153
2022-06-23,19.39,19.99,19.29,19.93,2860970.0,56678099.0,184111303.0,0.0155
2022-06-24,20.01,20.72,19.89,20.34,3778359.0,77280629.0,184111303.0,0.0205
2022-06-27,20.38,20.67,20.17,20.26,2777489.0,56732556.0,184111303.0,0.0151
2022-06-28,20.3,20.75,19.67,20.66,4124630.0,83910208.0,184111303.0,0.0224
2022-06-29,20.67,21.15,20.24,20.25,5441906.0,113409565.0,184111303.0,0.0296
2022-06-30,20.07,20.7,20.07,20.43,3267349.0,67043724.0,174922103.0,0.0187
2022-07-01,20.43,20.82,20.16,20.32,2947627.0,60482771.0,174922103.0,0.0169
2022-07-04,19.92,20.1,19.58,19.77,2996137.0,59532326.0,174922103.0,0.0171
2022-07-05,19.77,19.96,19.32,19.43,3090700.0,60730528.0,174922103.0,0.0177
2022-07-06,19.47,20.31,19.43,19.59,4120563.0,82285364.0,174922103.0,0.0236
2022-07-07,19.42,19.75,19.28,19.35,2562404.0,49939652.0,174922103.0,0.0146
2022-07-08,19.4,20.02,19.33,19.47,2876704.0,56829688.0,174922103.0,0.0164
2022-07-11,19.42,19.47,18.63,18.9,3427605.0,64958683.0,174922103.0,0.0196
2022-07-12,18.72,19.0,18.26,18.27,2878053.0,53578354.0,174922103.0,0.0165
2022-07-13,18.32,18.39,17.97,18.09,2066898.0,37586592.0,174922103.0,0.0118
2022-07-14,18.03,18.44,18.03,18.17,2018366.0,36894864.0,174922103.0,0.0115
2022-07-15,18.18,18.67,18.04,18.07,2650387.0,48863041.0,174922103.0,0.0152
2022-07-18,18.3,18.42,17.86,18.42,2037879.0,37170928.0,174922103.0,0.0117
2022-07-19,18.42,18.57,18.23,18.5,2013381.0,37235923.0,174922103.0,0.0115
2022-07-20,18.6,18.83,18.56,18.6,2150946.0,40346139.0,174922103.0,0.0123
2022-07-21,18.6,19.27,18.44,18.97,3911610.0,74852234.0,174922103.0,0.0224
2022-07-22,19.04,19.19,18.52,18.54,2336537.0,44004149.0,174922103.0,0.0134
2022-07-25,18.46,19.01,18.26,18.33,2879196.0,53665088.0,174922103.0,0.0165
2022-07-26,18.33,18.55,18.15,18.49,1353486.0,24912633.0,174922103.0,0.0077
2022-07-27,18.48,18.56,18.35,18.43,1156629.0,21416463.0,174922103.0,0.0066
2022-07-28,18.55,19.12,18.53,19.03,3300808.0,62757232.0,174922103.0,0.0189
2022-07-29,19.14,19.14,18.75,18.75,2002931.0,37927489.0,174922103.0,0.0115
2022-08-01,18.63,18.93,18.36,18.86,2046006.0,38418635.0,174922103.0,0.0117
2022-08-02,18.73,18.73,18.09,18.58,3398540.0,62869479.0,174922103.0,0.0194
2022-08-03,18.43,19.61,18.38,18.93,4846244.0,92871335.0,174922103.0,0.0277
2022-08-04,19.15,19.48,18.98,19.26,3189479.0,61688453.0,174922103.0,0.0182
2022-08-05,19.42,21.17,19.27,21.1,11396966.0,235282400.0,174922103.0,0.0652
2022-08-08,21.47,21.47,20.46,21.0,6142996.0,128358160.0,174922103.0,0.0351
2022-08-09,20.72,21.09,20.45,21.0,5245555.0,108982187.0,174922103.0,0.03
2022-08-10,20.72,21.09,20.58,20.73,4608522.0,96378461.0,174922103.0,0.0263
2022-08-11,21.01,22.61,21.01,21.54,8306728.0,182211579.0,174922103.0,0.0475
2022-08-12,21.39,21.52,20.81,20.81,5413567.0,114868715.0,174922103.0,0.0309
2022-08-15,20.47,21.66,20.47,20.72,4912497.0,103801417.0,174922103.0,0.0281
2022-08-16,20.65,21.04,20.53,20.67,3985007.0,83098558.0,174922103.0,0.0228
2022-08-17,20.67,20.8,20.2,20.21,4225645.0,86639534.0,174922103.0,0.0242
2022-08-18,20.26,20.79,20.04,20.59,5337462.0,109614652.0,762031165.9999999,0.007
2022-08-19,20.42,20.73,18.49,18.5,17543384.0,339321298.0,762031165.9999999,0.023
2022-08-22,18.34,18.67,18.03,18.31,5095142.0,93743589.0,762031165.9999999,0.0067
2022-08-23,18.44,18.65,18.05,18.13,5154775.0,94381179.0,762031165.9999999,0.0068
2022-08-24,18.13,18.13,17.07,17.19,8247527.0,143994291.0,762031165.9999999,0.0108
2022-08-25,17.15,17.35,16.93,17.0,6066886.0,104098689.0,762031165.9999999,0.008
2022-08-26,17.12,17.28,16.73,16.8,4869040.0,82865552.0,762031165.9999999,0.0064
2022-08-29,16.64,16.99,16.52,16.85,2527739.0,42612248.0,762031165.9999999,0.0033
2022-08-30,16.92,16.97,16.69,16.82,2306680.0,39004152.0,762031165.9999999,0.003
2022-08-31,16.87,17.01,16.63,16.79,3154798.0,53330221.0,762031165.9999999,0.0041
2022-09-01,16.81,17.02,16.65,16.7,3115516.0,52725165.0,762031165.9999999,0.0041
2022-09-02,16.71,17.03,16.55,16.92,3085503.0,52225890.0,762031165.9999999,0.004
2022-09-05,17.33,17.33,16.73,16.85,2958396.0,50435513.0,762031165.9999999,0.0039
2022-09-06,16.95,17.0,16.77,16.93,2392631.0,40550108.0,762031165.9999999,0.0031
2022-09-07,16.93,17.31,16.92,17.12,3672978.0,63290613.0,762031165.9999999,0.0048
2022-09-08,17.03,17.11,16.7,16.74,3037289.0,51484436.0,762031165.9999999,0.004
2022-09-09,16.73,16.83,16.55,16.63,3012278.0,50366618.0,762031165.9999999,0.004
2022-09-13,16.68,16.91,16.65,16.77,1777336.0,30005951.0,762031165.9999999,0.0023
2022-09-14,16.53,16.81,16.44,16.69,1928827.0,32184276.0,762031165.9999999,0.0025
2022-09-15,16.69,16.81,16.2,16.27,2976469.0,49260822.0,762031165.9999999,0.0039
2022-09-16,16.12,16.45,15.94,15.94,2628146.0,42720201.0,762031165.9999999,0.0034
2022-09-19,16.06,16.1,15.54,15.55,2738694.0,43184621.0,762031165.9999999,0.0036
2022-09-20,15.62,15.83,15.56,15.77,2057913.0,32481170.0,762031165.9999999,0.0027
2022-09-21,15.81,16.08,15.46,16.02,1931362.0,30639331.0,762031165.9999999,0.0025
2022-09-22,15.87,16.16,15.82,15.82,1710373.0,27466479.0,762031165.9999999,0.0022
2022-09-23,15.7,15.81,15.49,15.49,1807416.0,28294882.0,762031165.9999999,0.0024
2022-09-26,15.49,15.56,15.02,15.03,1755131.0,26913597.0,762031165.9999999,0.0023
2022-09-27,15.24,15.72,15.16,15.68,2185566.0,33887292.0,762031165.9999999,0.0029
2022-09-28,15.64,16.09,15.47,15.68,3237558.0,51376454.0,762031165.9999999,0.0042
2022-09-29,15.74,16.07,15.54,15.66,2211466.0,35192133.0,762031165.9999999,0.0029
2022-09-30,15.59,16.0,15.55,15.84,1931826.0,30716070.0,762031165.9999999,0.0025
2022-10-10,15.8,15.94,15.14,15.2,1789048.0,27741335.0,762031165.9999999,0.0023
2022-10-11,15.2,15.4,14.95,15.22,1197730.0,18225796.0,762031165.9999999,0.0016
2022-10-12,15.24,15.8,15.12,15.78,2691460.0,41895214.0,762031165.9999999,0.0035
2022-10-13,15.75,16.06,15.63,15.92,1966822.0,31369162.0,762031165.9999999,0.0026
2022-10-14,16.04,16.42,15.94,16.34,2881331.0,46957613.0,762031165.9999999,0.0038
2022-10-17,16.16,16.58,16.04,16.55,2545414.0,42098975.0,762031165.9999999,0.0033
2022-10-18,16.58,16.67,16.3,16.39,1556271.0,25674351.0,762031165.9999999,0.002
2022-10-19,16.39,16.5,16.13,16.13,1605725.0,26250960.0,762031165.9999999,0.0021
2022-10-20,16.14,16.81,16.07,16.53,4556323.0,75652362.0,762031165.9999999,0.006
2022-10-21,16.63,16.66,16.28,16.47,2357272.0,39013899.0,762031165.9999999,0.0031
2022-10-24,16.3,16.8,16.17,16.24,2662218.0,44118065.0,762031165.9999999,0.0035
2022-10-25,16.58,16.58,16.0,16.19,1869165.0,30432979.0,762031165.9999999,0.0025
2022-10-26,16.31,16.58,15.96,16.46,3458572.0,57016137.0,762031165.9999999,0.0045
2022-10-27,16.34,16.99,16.23,16.51,4291117.0,71398219.0,762031165.9999999,0.0056
2022-10-28,16.34,16.75,16.04,16.18,4037509.0,66874996.0,762031165.9999999,0.0053
2022-10-31,15.92,16.91,15.72,16.73,4731165.0,78946145.0,762031165.9999999,0.0062
2022-11-01,16.73,16.91,16.48,16.91,3445286.0,57926850.0,762031165.9999999,0.0045
2022-11-02,16.92,17.21,16.89,17.01,4458053.0,76591304.0,762031165.9999999,0.0059
2022-11-03,16.93,17.28,16.86,17.14,5478546.0,94028474.0,762031165.9999999,0.0072
2022-11-04,17.14,17.26,16.84,17.18,4282080.0,73440964.0,762031165.9999999,0.0056
2022-11-07,17.13,17.36,17.09,17.24,3739510.0,64717531.0,762031165.9999999,0.0049
2022-11-08,17.13,17.2,16.69,16.87,3677144.0,62297976.0,762031165.9999999,0.0048
2022-11-09,16.9,17.04,16.77,16.77,2849941.0,48419683.0,762031165.9999999,0.0037
2022-11-10,16.73,16.92,16.62,16.66,2619659.0,44039952.0,762031165.9999999,0.0034
2022-11-11,17.11,17.18,16.83,16.83,3569990.0,60977475.0,762031165.9999999,0.0047
2022-11-14,16.91,17.13,16.76,16.95,2445529.0,41701603.0,762031165.9999999,0.0032
2022-11-15,16.95,18.0,16.94,17.73,8431150.0,148242485.0,762031165.9999999,0.0111
2022-11-16,17.83,18.0,17.46,17.51,5653840.0,100581105.0,762031165.9999999,0.0074
2022-11-17,17.53,17.93,17.28,17.87,4937735.0,87305132.0,762031165.9999999,0.0065
2022-11-18,17.81,18.03,17.24,17.29,5056321.0,89391676.0,762031165.9999999,0.0066
2022-11-21,17.24,17.65,17.1,17.64,3244183.0,56823469.0,762031165.9999999,0.0043
2022-11-22,17.49,18.23,17.43,17.57,5729846.0,102420251.0,762031165.9999999,0.0075
2022-11-23,17.43,17.65,17.03,17.32,3816457.0,66217056.0,762031165.9999999,0.005
2022-11-24,17.32,17.62,17.29,17.52,2211808.0,38832053.0,762031165.9999999,0.0029
2022-11-25,17.53,17.71,17.3,17.68,3767002.0,66354236.0,762031165.9999999,0.0049
2022-11-28,17.55,18.01,17.45,17.93,6208460.0,111534024.0,762031165.9999999,0.0081
2022-11-29,17.98,18.13,17.73,18.04,4596969.0,82880423.0,762031165.9999999,0.006
2022-11-30,17.96,18.23,17.88,18.06,4209195.0,76402526.0,762031165.9999999,0.0055
2022-12-01,18.21,18.28,17.92,17.94,3385364.0,61474583.0,762031165.9999999,0.0044
2022-12-02,17.94,17.94,17.78,17.79,2779789.0,49800528.0,762031165.9999999,0.0036
2022-12-05,17.92,18.08,17.81,17.96,2559123.0,46131321.0,762031165.9999999,0.0034
2022-12-06,17.97,18.8,17.94,18.47,6763348.0,125492374.0,762031165.9999999,0.0089
2022-12-07,18.44,18.51,18.23,18.24,3925040.0,72405263.0,762031165.9999999,0.0052
2022-12-08,18.23,18.5,18.22,18.34,4712475.0,86806178.0,762031165.9999999,0.0062
2022-12-09,18.33,19.1,18.23,19.03,13931791.0,263141733.0,762031165.9999999,0.0183
2022-12-12,18.88,19.67,18.88,19.49,7787512.0,151288056.0,762031165.9999999,0.0102
2022-12-13,19.43,20.18,19.28,20.13,8843357.0,176809396.0,762031165.9999999,0.0116
2022-12-14,20.95,21.17,19.62,19.82,10503358.0,215421906.0,762031165.9999999,0.0138
2022-12-15,19.45,20.5,19.45,19.72,6215456.0,124073447.0,762031165.9999999,0.0082
2022-12-16,19.84,19.84,19.14,19.16,4815041.0,93574772.0,762031165.9999999,0.0063
2022-12-19,19.12,19.29,18.58,18.66,3835477.0,72506419.0,762031165.9999999,0.005
2022-12-20,18.55,18.89,18.42,18.45,3025692.0,56588565.0,762031165.9999999,0.004
2022-12-21,18.54,18.64,18.01,18.19,2522173.0,46195590.0,762031165.9999999,0.0033
2022-12-22,18.33,18.35,17.96,17.99,1937483.0,35260497.0,762031165.9999999,0.0025
2022-12-23,17.77,18.24,17.45,18.11,3574223.0,64475865.0,762031165.9999999,0.0047
2022-12-26,17.95,18.42,17.95,18.26,2031095.0,37298905.0,762031165.9999999,0.0027
2022-12-27,18.31,18.32,17.54,17.81,3773709.0,67506072.0,762031165.9999999,0.005
2022-12-28,17.74,17.86,17.44,17.58,1882324.0,33220244.0,762031165.9999999,0.0025
2022-12-29,17.55,17.68,17.41,17.42,1522127.0,26761282.0,762031165.9999999,0.002
2022-12-30,17.58,17.63,17.43,17.47,1030829.0,18129228.0,762031165.9999999,0.0014
2023-01-03,17.43,17.92,17.35,17.92,1670382.0,29595710.0,762031165.9999999,0.0022
2023-01-04,17.89,18.1,17.83,17.96,1838991.0,33081229.0,762031165.9999999,0.0024
2023-01-05,17.84,18.09,17.83,17.94,1475129.0,26632501.0,762031165.9999999,0.0019
2023-01-06,17.97,18.17,17.78,17.91,2137144.0,38598442.0,762031165.9999999,0.0028
2023-01-09,17.88,18.29,17.85,18.18,1640025.0,29765116.0,762031165.9999999,0.0022
2023-01-10,18.18,18.43,18.06,18.29,1687266.0,30987210.0,762031165.9999999,0.0022
2023-01-11,18.27,18.39,17.74,17.81,1563303.0,28430163.0,762031165.9999999,0.0021
2023-01-12,18.0,18.0,17.63,17.63,1358012.0,24202129.0,762031165.9999999,0.0018
2023-01-13,17.64,17.85,17.49,17.78,1533824.0,27180570.0,762031165.9999999,0.002
2023-01-16,17.75,18.75,17.63,18.59,3739945.0,69106060.0,762031165.9999999,0.0049
2023-01-17,18.63,19.02,18.43,18.88,3131084.0,59250353.0,762031165.9999999,0.0041
2023-01-18,19.08,19.08,18.59,18.66,1953750.0,36860233.0,762031165.9999999,0.0026
2023-01-19,18.58,19.18,18.55,19.18,2260010.0,43003957.0,762031165.9999999,0.003
2023-01-20,19.2,19.28,19.03,19.26,1968129.0,37884203.0,762031165.9999999,0.0026
2023-01-30,19.28,19.72,19.22,19.43,2332252.0,45521832.0,762031165.9999999,0.0031
2023-01-31,19.21,19.32,18.63,18.78,3260657.0,61593892.0,762031165.9999999,0.0043
2023-02-01,18.81,19.02,18.74,18.89,2008566.0,38046086.0,762031165.9999999,0.0026
2023-02-02,18.93,19.28,18.89,19.11,2202744.0,42202189.0,762031165.9999999,0.0029
2023-02-03,19.04,19.15,18.71,19.12,2314555.0,43980502.0,762031165.9999999,0.003
2023-02-06,19.09,19.2,18.82,18.91,1682872.0,32007086.0,762031165.9999999,0.0022
2023-02-07,18.93,18.97,18.71,18.91,1460565.0,27617330.0,762031165.9999999,0.0019
2023-02-08,18.83,19.07,18.48,18.48,2152413.0,40375858.0,762031165.9999999,0.0028
2023-02-09,18.49,19.03,18.44,19.02,3236070.0,60985941.0,762031165.9999999,0.0042
2023-02-10,18.9,19.2,18.87,19.12,3351384.0,64145365.0,762031165.9999999,0.0044
2023-02-13,19.03,19.18,18.86,19.03,2752209.0,52549782.0,798995451.0,0.0034
2023-02-14,19.11,19.32,18.81,19.04,2979965.0,56900412.0,798995451.0,0.0037
2023-02-15,18.99,19.07,18.72,18.94,3284738.0,62194660.0,798995451.0,0.0041
2023-02-16,18.95,18.97,17.89,18.13,5097096.0,94712282.0,798995451.0,0.0064
2023-02-17,18.1,18.29,17.84,17.92,2925993.0,52859664.0,798995451.0,0.0037
2023-02-20,17.91,18.0,17.7,18.0,2596924.0,46494022.0,798995451.0,0.0033
2023-02-21,17.98,18.06,17.73,17.89,2468696.0,44295098.0,798995451.0,0.0031
2023-02-22,17.82,17.97,17.77,17.86,1469860.0,26356226.0,798995451.0,0.0018
2023-02-23,17.86,17.91,17.58,17.64,1713013.0,30465398.0,798995451.0,0.0021
2023-02-24,17.75,17.79,17.47,17.56,1761593.0,31106975.0,798995451.0,0.0022
2023-02-27,17.38,17.53,17.05,17.09,2731481.0,47229540.0,798995451.0,0.0034
2023-02-28,17.05,17.39,16.94,17.13,1985223.0,34110172.0,798995451.0,0.0025
2023-03-01,17.19,17.31,17.18,17.22,1828048.0,31638307.0,798995451.0,0.0023
2023-03-02,17.3,17.3,16.93,16.94,2964754.0,50810437.0,798995451.0,0.0037
2023-03-03,17.04,17.18,16.9,17.05,4529332.0,77420571.0,798995451.0,0.0057
2023-03-06,17.11,17.16,16.96,17.06,3714061.0,63551634.0,798995451.0,0.0046
2023-03-07,17.08,17.09,16.53,16.53,4092431.0,68779538.0,798995451.0,0.0051
2023-03-08,16.53,16.81,16.49,16.68,3532391.0,59102543.0,798995451.0,0.0044
2023-03-09,16.83,16.87,16.6,16.78,2646176.0,44523305.0,798995451.0,0.0033
2023-03-10,16.59,17.09,16.58,16.84,5711946.0,96801983.0,798995451.0,0.0071
2023-03-13,16.84,16.84,16.25,16.62,4857963.0,80468920.0,798995451.0,0.0061
2023-03-14,16.62,17.04,16.35,16.89,6214281.0,104596636.0,798995451.0,0.0078
2023-03-15,17.04,17.26,16.94,17.19,7083012.0,121734989.0,798995451.0,0.0089
2023-03-16,17.11,17.22,16.91,16.93,3693011.0,63250822.0,798995451.0,0.0046
2023-03-17,17.03,17.49,16.94,17.33,6824613.0,118189678.0,798995451.0,0.0085
2023-03-20,17.33,17.46,17.23,17.29,5968740.0,104034360.0,798995451.0,0.0075
2023-03-21,17.32,17.35,17.07,17.27,4171941.0,72067884.0,798995451.0,0.0052
2023-03-22,17.36,17.46,17.13,17.39,4810741.0,83634969.0,798995451.0,0.006
2023-03-23,17.33,18.12,17.19,18.1,11421458.0,204475977.0,798995451.0,0.0143
2023-03-24,18.01,18.23,17.73,17.9,6875338.0,123694106.0,798995451.0,0.0086
2023-03-27,17.73,18.05,17.47,17.58,8025735.0,142826162.0,798995451.0,0.01
2023-03-28,17.58,17.66,16.88,16.98,6545063.0,112792920.0,798995451.0,0.0082
2023-03-29,17.05,17.47,16.81,17.21,6567278.0,113212333.0,798995451.0,0.0082
2023-03-30,17.3,18.05,17.26,17.76,10408861.0,184861994.0,798995451.0,0.013
2023-03-31,17.8,17.83,17.4,17.5,13549508.0,238465640.0,1107245571.0,0.0122
2023-04-03,17.63,18.31,17.53,18.16,27961747.0,505777111.0,1107245571.0,0.0253
2023-04-04,18.3,18.5,17.83,17.98,41860310.0,765193548.0,1107245571.0,0.0378
2023-04-06,17.81,18.96,17.73,18.65,51996066.0,965653135.0,1107245571.0,0.047
2023-04-07,18.93,19.02,18.33,18.7,38789865.0,726986695.0,1107245571.0,0.035
2023-04-10,19.42,19.77,18.69,18.75,49251081.0,949670108.0,1107245571.0,0.0445
2023-04-11,18.92,19.09,18.25,18.64,34542320.0,647139522.0,1107245571.0,0.0312
2023-04-12,18.82,20.58,18.48,19.95,60542698.0,1194832325.0,1107245571.0,0.0547
2023-04-13,19.95,20.34,18.98,19.02,34917308.0,685002215.0,1107245571.0,0.0315
2023-04-14,19.2,19.67,18.27,19.6,38844012.0,744291868.0,1107245571.0,0.0351
2023-04-17,19.36,19.88,19.0,19.17,24992574.0,487849991.0,1107245571.0,0.0226
2023-04-18,19.07,19.1,18.53,18.77,17899266.0,337362720.0,1107245571.0,0.0162
2023-04-19,18.97,19.39,18.52,18.56,21632160.0,411263961.0,1107245571.0,0.0195
2023-04-20,18.56,18.98,18.38,18.67,20015727.0,375882052.0,1107245571.0,0.0181
2023-04-21,18.59,18.67,16.99,17.05,32331240.0,573591864.0,1107245571.0,0.0292
2023-04-24,16.88,17.11,15.83,15.99,26350563.0,432032073.0,1107245571.0,0.0238
2023-04-25,15.95,16.1,15.2,15.37,16059962.0,250823750.0,1107245571.0,0.0145
2023-04-26,15.34,15.76,15.24,15.58,15015043.0,234378246.0,1107245571.0,0.0136
2023-04-27,15.52,15.84,15.44,15.62,9235877.0,145360453.0,1107245571.0,0.0083
2023-04-28,15.57,16.11,15.55,15.8,11093128.0,176647165.0,1107245571.0,0.01
2023-05-04,15.7,16.03,15.64,15.74,9742273.0,155011965.0,1107245571.0,0.0088
2023-05-05,15.82,15.96,15.27,15.37,8198136.0,128216354.0,1107245571.0,0.0074
2023-05-08,15.5,15.53,15.16,15.31,7973162.0,122405645.0,1107245571.0,0.0072
2023-05-09,15.32,15.41,14.86,14.9,11185055.0,169477671.0,1107245571.0,0.0101
2023-05-10,14.93,15.14,14.8,15.13,7289476.0,109893374.0,1107245571.0,0.0066
2023-05-11,15.29,15.76,15.18,15.59,9285054.0,145182793.0,1107245571.0,0.0084
2023-05-12,15.68,15.9,15.57,15.57,7063204.0,111593550.0,1107245571.0,0.0064
2023-05-15,15.62,16.04,15.54,16.02,7680666.0,121851099.0,1107245571.0,0.0069
2023-05-16,16.09,16.34,15.9,16.03,5971351.0,96575017.0,1107245571.0,0.0054
2023-05-17,16.02,16.24,15.85,15.94,4880966.0,78540636.0,1107245571.0,0.0044
2023-05-18,15.86,16.06,15.78,15.85,5704793.0,90881776.0,1107245571.0,0.0052
2023-05-19,15.9,16.27,15.8,15.97,7147978.0,114942559.0,1107245571.0,0.0065
2023-05-22,16.12,16.12,15.82,15.9,5555464.0,88614378.0,1107245571.0,0.005
2023-05-23,15.9,15.93,15.66,15.67,4877715.0,77132971.0,1107245571.0,0.0044
2023-05-24,15.7,15.99,15.67,15.76,6623659.0,105450282.0,1107245571.0,0.006
2023-05-25,15.71,16.02,15.71,15.88,7229219.0,115340594.0,1107245571.0,0.0065
2023-05-26,15.94,15.95,15.76,15.86,4919967.0,78373932.0,1107245571.0,0.0044
2023-05-29,15.95,16.09,15.85,15.9,6906630.0,110762199.0,1107245571.0,0.0062
2023-05-30,15.9,15.97,15.45,15.92,7144801.0,112827495.0,1107245571.0,0.0065
2023-05-31,15.89,16.39,15.86,16.35,16806024.0,273074969.0,1107245571.0,0.0152
2023-06-01,16.16,16.71,16.16,16.4,7911050.0,130421460.0,1107245571.0,0.0071
2023-06-02,16.4,16.51,16.18,16.32,5738013.0,94090571.0,1107245571.0,0.0052
2023-06-05,16.32,16.53,16.25,16.34,5334899.0,87714622.0,1107245571.0,0.0048
2023-06-06,16.27,16.47,16.01,16.06,7168304.0,116904317.0,1107245571.0,0.0065
2023-06-07,16.05,16.3,16.05,16.13,5790693.0,93821492.0,1107245571.0,0.0052
2023-06-08,16.11,16.2,15.41,15.55,12267427.0,192978308.0,1107245571.0,0.0111
2023-06-09,15.57,16.74,15.19,16.3,26567821.0,429351935.0,1107245571.0,0.024
2023-06-12,16.34,16.94,16.32,16.76,14225208.0,239561815.0,1107245571.0,0.0128
2023-06-13,16.84,16.92,16.66,16.71,6758183.0,113737171.0,1107245571.0,0.0061
2023-06-14,16.75,16.81,16.61,16.72,4633016.0,77784596.0,1107245571.0,0.0042
2023-06-15,16.71,16.76,16.5,16.63,5045442.0,84158303.0,1107245571.0,0.0046
2023-06-16,16.53,16.76,16.53,16.76,6459420.0,108121553.0,1107245571.0,0.0058
2023-06-19,16.63,16.83,16.51,16.64,5788368.0,96943737.0,1107245571.0,0.0052
2023-06-20,16.64,16.64,16.16,16.29,6314941.0,103419516.0,1107245571.0,0.0057
2023-06-21,16.24,16.34,15.71,15.8,6617962.0,105678848.0,1107245571.0,0.006
2023-06-26,15.71,15.82,15.46,15.61,5068969.0,79513223.0,1107245571.0,0.0046
2023-06-27,15.54,15.77,15.54,15.77,2920796.0,45991464.0,1107245571.0,0.0026
2023-06-28,15.76,15.83,15.54,15.68,3119265.0,49083794.0,1107245571.0,0.0028
2023-06-29,15.68,15.89,15.61,15.64,3136377.0,49569835.0,1107245571.0,0.0028
2023-06-30,15.63,15.84,15.6,15.76,3146949.0,49724171.0,1107245571.0,0.0028
2023-07-03,15.78,15.92,15.69,15.83,3482699.0,55352965.0,1107245571.0,0.0031
2023-07-04,15.88,16.26,15.77,16.11,4572036.0,73678932.0,1107245571.0,0.0041
2023-07-05,16.14,16.27,15.95,16.01,4431683.0,71594818.0,1107245571.0,0.004
2023-07-06,15.96,16.16,15.91,15.95,3327531.0,53491945.0,1107245571.0,0.003
2023-07-07,15.95,16.03,15.64,15.84,3247557.0,51615330.0,1107245571.0,0.0029
2023-07-10,15.91,16.08,15.69,15.74,3235735.0,51562524.0,1107245571.0,0.0029
2023-07-11,15.8,16.07,15.8,16.06,4081653.0,65395479.0,1107245571.0,0.0037
2023-07-12,16.04,16.15,15.92,15.94,4108711.0,66096471.0,1107245571.0,0.0037
2023-07-13,15.92,16.16,15.92,16.02,4048350.0,65233842.0,1107245571.0,0.0037
2023-07-14,16.04,16.18,15.97,16.02,4058166.0,65348166.0,1107245571.0,0.0037
2023-07-17,16.02,16.1,15.9,16.03,3486622.0,56016070.0,1107245571.0,0.0031
2023-07-18,16.03,16.23,15.99,16.11,4105345.0,66517345.0,1107245571.0,0.0037
2023-07-19,16.08,16.19,15.93,16.01,3157654.0,50827516.0,1107245571.0,0.0029
2023-07-20,16.01,16.13,15.87,15.88,3246585.0,52081676.0,1107245571.0,0.0029
2023-07-21,15.9,16.09,15.86,16.07,3966550.0,63800174.0,1107245571.0,0.0036
2023-07-24,16.07,16.23,15.98,16.0,3111722.0,50277008.0,1107245571.0,0.0028
2023-07-25,16.08,16.11,15.95,16.02,3941170.0,63403780.0,1107245571.0,0.0036
2023-07-26,15.97,16.1,15.97,16.02,2820026.0,45374509.0,1107245571.0,0.0025
2023-07-27,16.02,16.09,15.78,15.81,3444114.0,55142872.0,1107245571.0,0.0031
2023-07-28,15.76,15.94,15.75,15.91,2981397.0,47440858.0,1107245571.0,0.0027
2023-07-31,15.94,16.12,15.94,16.0,4011422.0,64608661.0,1107245571.0,0.0036
2023-08-01,16.04,16.06,15.86,15.98,2140831.0,34289184.0,1107245571.0,0.0019
2023-08-02,16.02,16.02,15.79,15.87,2458145.0,39086249.0,1107245571.0,0.0022
2023-08-03,15.89,15.93,15.64,15.7,3293336.0,52019545.0,1107245571.0,0.003
2023-08-04,15.72,15.94,15.7,15.83,2696958.0,42937906.0,1107245571.0,0.0024
2023-08-07,15.75,15.86,15.61,15.73,2441503.0,38503477.0,1107245571.0,0.0022
2023-08-08,15.72,15.93,15.54,15.62,2561797.0,40306952.0,1107245571.0,0.0023
2023-08-09,15.59,15.72,15.55,15.69,1668856.0,26234877.0,1107245571.0,0.0015
2023-08-10,15.69,15.79,15.62,15.69,2006420.0,31631274.0,1107245571.0,0.0018
2023-08-11,15.65,15.75,15.2,15.34,3774684.0,58723680.0,1107245571.0,0.0034
2023-08-14,15.37,15.52,15.13,15.49,2736875.0,42103744.0,1107245571.0,0.0025
2023-08-15,15.53,15.75,15.46,15.71,3589599.0,56310156.0,1107245571.0,0.0032
2023-08-16,15.64,15.8,15.53,15.62,3053690.0,48032983.0,1107245571.0,0.0028
2023-08-17,15.5,15.71,15.32,15.6,2311438.0,35935265.0,1107245571.0,0.0021
2023-08-18,15.82,15.86,15.55,15.56,3636189.0,57304545.0,1114199673.0,0.0033
2023-08-21,15.55,15.69,15.31,15.35,2891691.0,44913689.0,1114199673.0,0.0026
2023-08-22,15.51,15.53,14.94,15.14,5011033.0,75798419.0,1114199673.0,0.0045
2023-08-23,15.11,15.17,14.93,14.93,3028159.0,45665965.0,1114199673.0,0.0027
2023-08-24,14.97,15.02,14.44,14.44,5391221.0,79338366.0,1114199673.0,0.0048
2023-08-25,14.41,14.55,13.41,13.5,8207330.0,112402409.0,1114199673.0,0.0074
2023-08-28,14.17,14.3,13.76,13.77,7013796.0,98460574.0,1114199673.0,0.0063
2023-08-29,13.77,14.3,13.62,14.14,8279957.0,116083252.0,1114199673.0,0.0074
2023-08-30,14.53,14.99,14.38,14.95,10084834.0,149784283.0,1114199673.0,0.0091
2023-08-31,14.85,15.17,14.78,15.14,8103985.0,122262837.0,1114199673.0,0.0073
2023-09-01,15.16,15.27,14.86,15.26,4955588.0,75188195.0,1114199673.0,0.0044
2023-09-04,15.31,15.41,15.14,15.41,4478948.0,68638481.0,1114199673.0,0.004
2023-09-05,15.43,15.64,15.28,15.47,4624990.0,71638077.0,1114199673.0,0.0042
2023-09-06,15.51,15.6,15.29,15.57,4354173.0,67640382.0,1114199673.0,0.0039
2023-09-07,15.66,15.66,15.21,15.23,6103859.0,94281445.0,1114199673.0,0.0055
2023-09-08,15.22,15.34,15.01,15.07,7042614.0,106897053.0,1114199673.0,0.0063
2023-09-11,15.16,15.48,15.02,15.17,9390511.0,143401307.0,1114199673.0,0.0084
2023-09-12,15.16,15.25,14.95,15.09,6501898.0,98368711.0,1114199673.0,0.0058
2023-09-13,15.15,15.15,14.92,15.02,5163019.0,77627564.0,1114199673.0,0.0046
2023-09-14,15.01,15.07,14.68,14.8,4572948.0,67670502.0,1114199673.0,0.0041
2023-09-15,14.85,15.53,14.75,15.35,14952257.0,227746807.0,1114199673.0,0.0134
2023-09-18,15.09,15.25,14.79,15.02,10886462.0,164036855.0,1114199673.0,0.0098
2023-09-19,15.13,15.13,14.68,14.92,7870658.0,117155398.0,1114199673.0,0.0071
2023-09-20,14.85,15.05,14.78,14.93,3845732.0,57549896.0,1114199673.0,0.0035
2023-09-21,14.82,15.12,14.82,15.04,4823010.0,72513185.0,1114199673.0,0.0043
2023-09-22,15.05,15.55,14.86,15.55,4595618.0,69416512.0,1114199673.0,0.0041
2023-09-25,15.27,15.29,14.72,15.02,6965955.0,104785535.0,1114199673.0,0.0063
2023-09-26,15.1,15.1,14.87,15.0,4535443.0,68164574.0,1114199673.0,0.0041
2023-09-27,14.99,15.06,14.87,14.92,4719528.0,70825208.0,1114199673.0,0.0042
2023-09-28,14.92,15.33,14.91,15.33,5503221.0,83917268.0,1114199673.0,0.0049
2023-10-09,15.34,15.43,15.0,15.4,3757852.0,57376159.0,1114199673.0,0.0034
2023-10-10,15.35,15.59,15.33,15.52,4472591.0,69530489.0,1114199673.0,0.004
2023-10-11,15.56,16.02,15.51,15.98,7198506.0,114188006.0,1114199673.0,0.0065
2023-10-12,15.97,16.34,15.95,16.2,10201292.0,165011006.0,1114199673.0,0.0092
2023-10-13,16.17,16.4,16.04,16.27,6929303.0,112873183.0,1114199673.0,0.0062
2023-10-16,16.47,16.63,16.13,16.22,8968686.0,146334747.0,1114199673.0,0.008
2023-10-17,16.21,16.31,16.0,16.08,4064759.0,65614895.0,1114199673.0,0.0036
2023-10-18,16.18,16.37,15.9,16.16,5861461.0,94946206.0,1114199673.0,0.0053
2023-10-19,16.07,16.28,15.95,15.98,4826689.0,77767595.0,1114199673.0,0.0043
2023-10-20,15.97,16.05,15.87,15.96,4888034.0,78162945.0,1114199673.0,0.0044
2023-10-23,15.96,16.29,15.77,16.07,7125779.0,115016220.0,1114199673.0,0.0064
2023-10-24,16.16,16.69,15.98,16.61,8834995.0,145400030.0,1114199673.0,0.0079
2023-10-25,16.67,16.92,16.26,16.8,7465393.0,124648399.0,1114199673.0,0.0067
2023-10-26,16.66,17.27,16.63,17.25,10444388.0,178584834.0,1114199673.0,0.0094
2023-10-27,17.25,18.15,16.78,17.94,21662403.0,384033563.0,1114199673.0,0.0194
2023-10-30,17.75,19.14,17.48,18.92,34303433.0,642559621.0,1114199673.0,0.0308
2023-10-31,18.99,19.06,18.17,18.37,15388374.0,286641969.0,1114199673.0,0.0138
2023-11-01,18.36,18.71,18.19,18.59,9453578.0,175205472.0,1114199673.0,0.0085
2023-11-02,18.52,19.51,18.52,19.08,20517959.0,394677635.0,1114199673.0,0.0184
2023-11-03,19.0,19.35,18.75,18.84,15506210.0,294277099.0,1114199673.0,0.0139
2023-11-06,18.96,20.1,18.9,19.92,19929595.0,393942504.0,1114199673.0,0.0179
2023-11-07,19.95,20.24,19.76,19.99,12341545.0,247382306.0,1114199673.0,0.0111
2023-11-08,20.04,20.04,19.17,19.31,13239935.0,258762291.0,1114199673.0,0.0119
2023-11-09,19.36,19.36,18.84,18.96,11811946.0,224610443.0,1114199673.0,0.0106
2023-11-10,18.89,19.07,18.75,18.95,6931598.0,131611451.0,1114199673.0,0.0062
2023-11-13,18.95,19.24,18.73,19.02,7644216.0,145341669.0,1114199673.0,0.0069
2023-11-14,18.99,19.26,18.66,19.15,8634335.0,164900770.0,1114199673.0,0.0077
2023-11-15,19.39,19.59,19.09,19.39,9010952.0,175027305.0,1114199673.0,0.0081
2023-11-16,19.35,19.49,19.04,19.36,5627513.0,108766656.0,1114199673.0,0.0051
2023-11-17,19.22,19.41,19.02,19.21,4180213.0,80367820.0,1114199673.0,0.0038
2023-11-20,19.24,19.63,18.98,19.46,6415057.0,124897321.0,1114199673.0,0.0058
2023-11-21,19.38,19.69,19.38,19.44,4252556.0,83336873.0,1114199673.0,0.0038
2023-11-22,19.47,19.57,19.27,19.29,4530993.0,88207192.0,1114199673.0,0.0041
2023-11-23,19.34,19.63,19.28,19.43,3439231.0,67159800.0,1114199673.0,0.0031
2023-11-24,19.43,19.94,19.32,19.6,7989623.0,157791615.0,1114199673.0,0.0072
2023-11-27,19.62,20.86,19.54,20.6,16931702.0,346493033.0,1114199673.0,0.0152
2023-11-28,20.64,20.87,19.93,20.08,9843936.0,200177336.0,1114199673.0,0.0088
2023-11-29,20.36,21.36,20.31,20.82,13271527.0,278721975.0,1114199673.0,0.0119
2023-11-30,20.71,20.96,20.43,20.49,8979099.0,185417814.0,1114199673.0,0.0081
2023-12-01,20.86,20.86,20.29,20.6,8371149.0,172552510.0,1114199673.0,0.0075
2023-12-04,20.6,20.81,20.08,20.16,8901451.0,182237729.0,1114199673.0,0.008
2023-12-05,20.11,20.32,19.78,20.14,9209959.0,184980493.0,1114199673.0,0.0083
2023-12-06,20.07,20.51,19.92,20.04,9251226.0,186340870.0,1114199673.0,0.0083
2023-12-07,19.96,20.19,19.46,19.8,14592677.0,288695406.0,1114199673.0,0.0131
2023-12-08,19.75,21.1,19.69,20.17,33060507.0,677171980.0,1114199673.0,0.0297
2023-12-11,20.19,20.84,20.1,20.71,12152752.0,249043255.0,1114199673.0,0.0109
2023-12-12,20.62,21.52,20.49,21.42,11973563.0,252589151.0,1114199673.0,0.0107
2023-12-13,21.43,21.92,21.18,21.63,10294938.0,223792873.0,1114199673.0,0.0092
2023-12-14,21.62,21.74,21.13,21.16,8102288.0,173184778.0,1114199673.0,0.0073
2023-12-15,21.15,21.24,20.67,20.95,8515135.0,178120501.0,1114199673.0,0.0076
2023-12-18,20.73,20.93,20.42,20.76,5871201.0,121984699.0,1114199673.0,0.0053
2023-12-19,20.86,21.03,20.58,20.76,5399673.0,112580492.0,1114199673.0,0.0048
2023-12-20,20.87,20.93,20.61,20.76,5987628.0,124677985.0,1114199673.0,0.0054
2023-12-21,20.78,21.03,20.35,21.0,6335746.0,131745407.0,1114199673.0,0.0057
2023-12-22,20.96,21.06,20.26,20.39,7376371.0,151914673.0,1114199673.0,0.0066
2023-12-25,20.24,20.73,20.19,20.45,4581697.0,94076593.0,1114199673.0,0.0041
2023-12-26,20.31,20.59,19.61,19.69,8133194.0,161912236.0,1114199673.0,0.0073
2023-12-27,19.66,20.31,19.63,20.17,9811954.0,196734036.0,1114199673.0,0.0088
2023-12-28,20.2,20.68,20.06,20.52,6941982.0,142409623.0,1114199673.0,0.0062
2023-12-29,20.61,20.65,20.09,20.43,8342492.0,170206784.0,1114199673.0,0.0075
2024-01-02,20.54,21.22,20.29,20.85,7193300.0,150883477.0,1114199673.0,0.0065
2024-01-03,20.93,20.93,19.82,19.92,8612022.0,173811613.0,1114199673.0,0.0077
2024-01-04,20.26,20.26,19.8,19.82,5439611.0,108992603.0,1114199673.0,0.0049
2024-01-05,19.8,20.27,19.72,20.17,6474040.0,130328515.0,1114199673.0,0.0058
2024-01-08,20.05,20.24,19.34,19.57,7137550.0,140376416.0,1114199673.0,0.0064
2024-01-09,19.68,19.74,18.98,19.11,8593809.0,165325431.0,1114199673.0,0.0077
2024-01-10,19.24,19.6,18.87,19.03,7632921.0,146158501.0,1114199673.0,0.0069
2024-01-11,19.03,19.19,18.28,18.72,11847017.0,222614764.0,1114199673.0,0.0106
2024-01-12,18.76,19.17,18.56,18.85,5961692.0,113336755.0,1114199673.0,0.0054
2024-01-15,18.79,19.04,18.43,18.84,5740275.0,108106631.0,1114199673.0,0.0052
2024-01-16,18.76,18.85,18.35,18.6,4463212.0,82922282.0,1114199673.0,0.004
2024-01-17,18.66,18.83,18.03,18.15,4034880.0,74661021.0,1114199673.0,0.0036
2024-01-18,18.01,18.24,17.57,17.98,6673372.0,119145458.0,1114199673.0,0.006
2024-01-19,18.11,18.31,17.78,18.16,6878178.0,125145723.0,1114199673.0,0.0062
2024-01-22,18.25,18.25,17.18,17.22,6593966.0,116807599.0,1114199673.0,0.0059
2024-01-23,17.23,17.84,17.02,17.66,6897786.0,121049523.0,1114199673.0,0.0062
2024-01-24,17.65,17.76,17.08,17.7,5703331.0,99694583.0,1114199673.0,0.0051
2024-01-25,17.7,18.06,17.35,17.4,7952161.0,140277102.0,1114199673.0,0.0071
2024-01-26,17.39,17.74,17.11,17.17,6252879.0,109246865.0,1114199673.0,0.0056
2024-01-29,17.28,17.64,16.88,16.95,4934744.0,84394964.0,1114199673.0,0.0044
2024-01-30,16.95,16.95,16.32,16.63,4308561.0,71962313.0,1114199673.0,0.0039
2024-01-31,16.37,16.71,16.0,16.34,7645025.0,125749337.0,1114199673.0,0.0069
2024-02-01,16.62,16.62,15.98,16.22,6608420.0,107412405.0,1114199673.0,0.0059
2024-02-02,16.3,16.48,15.45,15.89,7679880.0,122524739.0,1114199673.0,0.0069
2024-02-05,15.94,17.37,14.8,16.47,13323041.0,212281604.0,1114199673.0,0.012
2024-02-06,16.59,17.86,15.79,17.85,13447472.0,225933372.0,1114199673.0,0.0121
2024-02-07,17.77,20.12,17.59,19.92,18823517.0,360920654.0,1114199673.0,0.0169
2024-02-08,20.12,21.62,19.59,19.84,16023750.0,333265247.0,1114199673.0,0.0144
2024-02-19,20.21,20.21,18.11,18.64,17691824.0,333510409.0,1114199673.0,0.0159
2024-02-20,18.51,18.58,17.92,18.26,8977391.0,163924604.0,1114199673.0,0.0081
2024-02-21,18.26,18.73,17.99,18.16,8601691.0,158148223.0,1114199673.0,0.0077
2024-02-22,18.15,18.28,17.83,18.1,6776042.0,122138489.0,1114199673.0,0.0061
2024-02-23,18.13,18.18,17.7,18.1,7585421.0,136301038.0,1114199673.0,0.0068
2024-02-26,18.09,19.05,17.8,18.86,12888036.0,238960917.0,1114199673.0,0.0116
2024-02-27,18.73,18.98,18.51,18.94,9285744.0,174395577.0,1114199673.0,0.0083
2024-02-28,19.2,19.25,18.42,18.42,9993738.0,189607100.0,1114199673.0,0.009
2024-02-29,18.44,19.71,18.44,19.71,12354829.0,236534136.0,1114199673.0,0.0111
2024-03-01,19.71,19.93,19.41,19.51,8309314.0,163617573.0,1114199673.0,0.0075
2024-03-04,19.68,19.93,19.38,19.68,7911329.0,156292954.0,1114199673.0,0.0071
2024-03-05,19.58,19.84,19.32,19.58,9213925.0,180700950.0,1114199673.0,0.0083
2024-03-06,19.64,19.7,19.02,19.03,7321523.0,141183620.0,1114199673.0,0.0066
2024-03-07,19.11,19.29,18.21,18.23,9600102.0,179395597.0,1114199673.0,0.0086
2024-03-08,18.22,18.5,18.07,18.41,8063117.0,148057293.0,1114199673.0,0.0072
2024-03-11,18.29,18.49,18.07,18.43,6647302.0,121857992.0,1114199673.0,0.006
2024-03-12,18.51,18.68,18.2,18.54,6681475.0,123585435.0,1114199673.0,0.006
2024-03-13,18.74,18.79,18.17,18.61,9249319.0,171703072.0,1114199673.0,0.0083
2024-03-14,18.49,18.72,18.17,18.22,6907327.0,127663823.0,1114199673.0,0.0062
2024-03-15,18.17,18.66,18.12,18.66,8043913.0,148100956.0,1114199673.0,0.0072
2024-03-18,18.61,18.68,18.23,18.56,7200658.0,132822735.0,1114199673.0,0.0065
2024-03-19,18.54,19.3,18.43,18.78,8386588.0,159024826.0,1114199673.0,0.0075
2024-03-20,18.91,19.01,18.29,18.61,6984107.0,129902419.0,1114199673.0,0.0063
2024-03-21,18.76,18.76,18.02,18.02,8773248.0,160640598.0,1114199673.0,0.0079
2024-03-22,18.14,18.23,17.75,17.75,7006723.0,126127290.0,1114199673.0,0.0063
2024-03-25,17.85,17.85,17.11,17.22,6618475.0,116132615.0,1114199673.0,0.0059
2024-03-26,17.26,17.34,16.82,16.82,5905079.0,100918752.0,1114199673.0,0.0053
2024-03-27,16.86,16.9,16.2,16.25,5452083.0,89976042.0,1114199673.0,0.0049
2024-03-28,16.23,17.06,16.2,16.69,7219404.0,121217200.0,1114199673.0,0.0065
2024-03-29,16.56,16.85,16.56,16.67,3873330.0,64836736.0,1114199673.0,0.0035
2024-04-01,16.77,17.46,16.67,17.45,5864699.0,100954240.0,1114199673.0,0.0053
2024-04-02,17.35,17.42,16.85,17.09,5474032.0,93706834.0,1114199673.0,0.0049
2024-04-03,17.15,17.3,16.59,17.1,7011754.0,119119047.0,1114199673.0,0.0063
2024-04-08,17.0,17.05,16.3,16.35,6610548.0,109370847.0,1114199673.0,0.0059
2024-04-09,16.15,16.45,15.92,16.28,7073291.0,114566299.0,1114199673.0,0.0063
2024-04-10,16.14,16.27,15.92,15.97,3888958.0,62507187.0,1114199673.0,0.0035
2024-04-11,16.04,16.2,15.78,15.82,4554061.0,72908338.0,1114199673.0,0.0041
2024-04-12,15.82,16.0,15.55,15.77,5576158.0,87941959.0,1114199673.0,0.005
2024-04-15,15.87,16.15,15.52,15.81,6105037.0,96894257.0,1114199673.0,0.0055
2024-04-16,15.64,15.91,15.28,15.28,5751503.0,89652670.0,1114199673.0,0.0052
2024-04-17,15.5,15.86,15.28,15.84,6534882.0,102258168.0,1114199673.0,0.0059
2024-04-18,15.78,15.93,15.41,15.6,5428935.0,85193778.0,1114199673.0,0.0049
2024-04-19,15.64,15.64,15.27,15.37,5521466.0,85518314.0,1114199673.0,0.005
2024-04-22,15.37,15.62,15.1,15.42,4345511.0,67171575.0,1114199673.0,0.0039
2024-04-23,15.37,15.68,15.13,15.13,4709303.0,72121293.0,1114199673.0,0.0042
2024-04-24,15.12,15.28,15.05,15.15,2943044.0,44711506.0,1114199673.0,0.0026
2024-04-25,15.28,15.44,15.02,15.12,4674323.0,71142847.0,1114199673.0,0.0042
2024-04-26,15.11,15.92,15.11,15.89,7801230.0,122405542.0,1114199673.0,0.007
2024-04-29,16.0,17.04,16.0,16.9,12363942.0,206496536.0,1114199673.0,0.0111
2024-04-30,16.74,16.97,16.38,16.56,6627875.0,110215928.0,1114199673.0,0.0059
2024-05-06,16.47,17.06,16.18,16.27,10798951.0,179364630.0,1114199673.0,0.0097
2024-05-07,16.32,16.34,15.95,16.06,8187321.0,132179054.0,1114199673.0,0.0073
2024-05-08,16.08,16.2,15.44,15.51,8692671.0,136818037.0,1114199673.0,0.0078
2024-05-09,15.5,15.8,15.44,15.73,8368538.0,131211404.0,1114199673.0,0.0075
2024-05-10,15.83,15.87,14.97,15.13,11554500.0,175878858.0,1114199673.0,0.0104
2024-05-13,15.07,15.18,14.49,14.57,12810754.0,188616676.0,1114199673.0,0.0115
2024-05-14,14.68,14.94,14.33,14.41,10218230.0,148494429.0,1114199673.0,0.0092
2024-05-15,14.41,14.51,14.06,14.1,7786738.0,111248521.0,1114199673.0,0.007
2024-05-16,14.11,14.36,13.84,13.88,9640185.0,136048605.0,1114199673.0,0.0087
2024-05-17,13.9,14.14,13.81,14.13,8776600.0,123302488.0,1114199673.0,0.0079
2024-05-20,14.13,14.36,13.78,13.87,15260150.0,214109887.0,1114199673.0,0.0137
2024-05-21,13.92,13.94,13.54,13.65,8963488.0,122834548.0,1114199673.0,0.008
2024-05-22,13.73,13.87,13.28,13.52,13304447.0,179039625.0,1114199673.0,0.0119
2024-05-23,13.59,13.62,12.99,13.09,16845235.0,223120409.0,1114199673.0,0.0151
2024-05-24,13.01,13.3,12.96,12.98,11019677.0,144375651.0,1114199673.0,0.0099
2024-05-27,13.0,13.14,12.56,13.08,12822836.0,164456440.0,1114199673.0,0.0115
2024-05-28,13.06,13.48,12.88,13.21,14106541.0,187197323.0,1114199673.0,0.0127
2024-05-29,13.23,13.43,13.1,13.19,9098871.0,120689135.0,1114199673.0,0.0082
2024-05-30,13.15,13.53,12.97,13.37,11698391.0,156025606.0,1114199673.0,0.0105
2024-05-31,13.44,13.61,13.28,13.51,15880918.0,213813058.0,1114199673.0,0.0143
2024-06-03,13.38,13.4,12.85,12.96,19218270.0,251470999.0,1114199673.0,0.0172
2024-06-04,13.1,13.2,12.91,13.08,13059857.0,170743494.0,1114199673.0,0.0117
2024-06-05,13.06,13.26,13.03,13.1,9446512.0,124429250.0,1114199673.0,0.0085
2024-06-06,13.21,13.46,12.88,12.93,11736153.0,154047217.0,1114199673.0,0.0105
2024-06-07,12.93,13.15,12.92,13.0,9314880.0,121503256.0,1114199673.0,0.0084
2024-06-11,13.06,13.46,12.81,13.43,14221671.0,188763485.0,1114199673.0,0.0128
2024-06-12,13.43,13.65,13.39,13.46,11129975.0,150524252.0,1114199673.0,0.01
2024-06-13,13.57,13.95,13.43,13.74,19153084.0,263186623.0,1114199673.0,0.0172
2024-06-14,13.75,13.75,13.26,13.33,26355712.0,354318823.0,1114199673.0,0.0237
2024-06-17,13.37,13.64,13.05,13.46,16381357.0,220176129.0,1114199673.0,0.0147
2024-06-18,13.47,13.58,13.38,13.53,11845998.0,160124863.0,1114199673.0,0.0106
2024-06-19,13.54,13.64,13.12,13.2,15097501.0,200881833.0,1114199673.0,0.0136
2024-06-20,13.23,13.81,13.16,13.53,25441929.0,345639127.0,1114199673.0,0.0228
2024-06-21,13.46,13.47,13.14,13.32,15076309.0,201050544.0,1114199673.0,0.0135
2024-06-24,13.12,13.29,12.64,12.7,16753206.0,217895180.0,1114199673.0,0.015
2024-06-25,12.7,12.8,11.96,12.07,19231231.0,235727616.0,1114199673.0,0.0173
2024-06-26,12.17,12.44,11.91,12.33,11867405.0,144323664.0,1114199673.0,0.0107
2024-06-27,12.3,12.43,11.92,11.93,9686913.0,117739702.0,1114199673.0,0.0087
2024-06-28,11.98,12.31,11.88,12.09,9780495.0,119089521.0,1114199673.0,0.0088
2024-07-01,12.04,12.04,11.67,11.87,8245426.0,97517989.0,1114199673.0,0.0074
2024-07-02,11.83,11.93,11.65,11.69,7566537.0,89282432.0,1114199673.0,0.0068
2024-07-03,11.58,11.86,11.51,11.69,8713110.0,101922272.0,1114199673.0,0.0078
2024-07-04,11.69,11.73,11.33,11.36,8979515.0,103376024.0,1114199673.0,0.0081
2024-07-05,11.37,11.6,11.28,11.53,6888570.0,79003978.0,1114199673.0,0.0062
2024-07-08,11.59,11.74,11.36,11.41,8364766.0,96420919.0,1114199673.0,0.0075
2024-07-09,11.37,11.85,11.29,11.81,11067018.0,128852268.0,1114199673.0,0.0099
2024-07-10,11.78,12.11,11.74,12.06,9302144.0,111639719.0,1114199673.0,0.0083
2024-07-11,12.33,12.52,12.19,12.49,15954585.0,197573450.0,1114199673.0,0.0143
2024-07-12,12.43,12.53,12.31,12.46,7381613.0,91864638.0,1114199673.0,0.0066
2024-07-15,12.56,12.78,12.3,12.36,7553165.0,94617306.0,1114199673.0,0.0068
2024-07-16,12.34,12.65,12.33,12.58,10564781.0,132357211.0,1114199673.0,0.0095
2024-07-17,12.6,12.76,12.34,12.38,8338197.0,104059849.0,1114199673.0,0.0075
2024-07-18,12.27,12.31,11.97,12.17,9343513.0,113576896.0,1114199673.0,0.0084
2024-07-19,12.08,12.56,12.0,12.43,11099169.0,137185859.0,1114199673.0,0.01
2024-07-22,12.31,12.52,12.18,12.34,11404395.0,141241623.0,1114199673.0,0.0102
2024-07-23,12.32,12.33,11.73,11.74,8568480.0,103344474.0,1114199673.0,0.0077
2024-07-24,11.76,11.79,11.48,11.52,7436723.0,86280987.0,1114199673.0,0.0067
2024-07-25,11.41,11.82,11.32,11.54,6545564.0,76093522.0,1114199673.0,0.0059
2024-07-26,11.62,11.84,11.57,11.69,5759234.0,67544981.0,1114199673.0,0.0052
2024-07-29,11.74,11.74,11.39,11.44,6786269.0,78101135.0,1114199673.0,0.0061
2024-07-30,11.39,11.45,11.11,11.34,7825775.0,88417598.0,1114199673.0,0.007
2024-07-31,11.34,12.03,11.25,12.01,12906457.0,152073418.0,1114199673.0,0.0116
2024-08-01,12.01,12.2,11.88,12.06,10761582.0,129866900.0,1114199673.0,0.0097
2024-08-02,11.89,12.09,11.73,11.77,6365883.0,75836949.0,1114199673.0,0.0057
2024-08-05,11.69,11.87,11.34,11.34,8804276.0,102359971.0,1114199673.0,0.0079
2024-08-06,11.56,11.62,11.23,11.43,7502503.0,85460886.0,1114199673.0,0.0067
2024-08-07,11.36,11.42,11.19,11.21,6193361.0,69932636.0,1114199673.0,0.0056
2024-08-08,11.14,11.32,10.99,11.17,7522263.0,83900032.0,1114199673.0,0.0068
2024-08-09,11.31,11.46,11.04,11.05,6539259.0,73557588.0,1114199673.0,0.0059
2024-08-12,11.04,11.12,10.84,10.97,5916539.0,64970157.0,1114199673.0,0.0053
2024-08-13,10.98,11.14,10.97,11.13,5435376.0,60176147.0,1114199673.0,0.0049
2024-08-14,11.17,11.26,11.04,11.16,4474790.0,49972798.0,1114199673.0,0.004
2024-08-15,11.12,11.56,11.1,11.53,10710415.0,122593816.0,1114199673.0,0.0096
2024-08-16,11.13,11.18,10.59,10.67,20839801.0,224390201.0,1114199673.0,0.0187
2024-08-19,10.64,10.84,10.49,10.67,8967385.0,96234829.0,1448887173.0,0.0062
2024-08-20,10.7,10.85,10.54,10.63,7302196.0,78130942.0,1448887173.0,0.005
2024-08-21,10.58,10.86,10.58,10.7,6318386.0,67964141.0,1448887173.0,0.0044
2024-08-22,10.76,10.77,10.45,10.53,4911285.0,51842402.0,1448887173.0,0.0034
2024-08-23,10.59,10.62,10.4,10.55,5074419.0,53379408.0,1448887173.0,0.0035
2024-08-26,10.55,10.77,10.5,10.77,5913148.0,63356991.0,1448887173.0,0.0041
2024-08-27,10.71,10.77,10.48,10.5,4186145.0,44267144.0,1448887173.0,0.0029
2024-08-28,10.42,10.62,10.34,10.5,4187408.0,43968223.0,1448887173.0,0.0029
2024-08-29,10.54,10.76,10.44,10.7,5627528.0,59895754.0,1448887173.0,0.0039
2024-08-30,10.71,11.14,10.64,11.0,9199238.0,101056055.0,1448887173.0,0.0063
2024-09-02,10.98,11.03,10.61,10.64,7182976.0,77379693.0,1448887173.0,0.005
2024-09-03,10.59,10.83,10.59,10.66,5734831.0,61508193.0,1448887173.0,0.004
2024-09-04,10.64,10.69,10.48,10.59,4096757.0,43437915.0,1448887173.0,0.0028
2024-09-05,10.54,10.78,10.54,10.74,4133459.0,44277015.0,1448887173.0,0.0029
2024-09-06,10.68,10.76,10.41,10.44,4238115.0,44684504.0,1448887173.0,0.0029
2024-09-09,10.42,10.48,10.21,10.27,4300274.0,44342824.0,1448887173.0,0.003
2024-09-10,10.28,10.47,10.1,10.36,5419266.0,55606657.0,1448887173.0,0.0037
2024-09-11,10.34,10.48,10.31,10.36,4391974.0,45659438.0,1448887173.0,0.003
2024-09-12,10.32,10.57,10.32,10.39,4081559.0,42787533.0,1448887173.0,0.0028
2024-09-13,10.3,10.44,10.17,10.36,5462314.0,56328917.0,1448887173.0,0.0038
2024-09-18,10.32,10.38,10.1,10.31,5966969.0,61092461.0,1448887173.0,0.0041
2024-09-19,10.36,10.76,10.31,10.67,8884445.0,94101814.0,1448887173.0,0.0061
2024-09-20,10.69,10.7,10.48,10.62,4820517.0,50961425.0,1448887173.0,0.0033
2024-09-23,10.56,10.71,10.34,10.34,7005634.0,73188783.0,1448887173.0,0.0048
2024-09-24,10.43,10.83,10.25,10.83,10377312.0,109542485.0,1448887173.0,0.0072
2024-09-25,10.9,11.32,10.88,11.03,12842592.0,142642345.0,1448887173.0,0.0089
2024-09-26,11.09,12.1,11.0,12.04,22009055.0,257131907.0,1448887173.0,0.0152
2024-09-27,12.38,12.57,11.84,12.55,13834690.0,169673522.0,1448887173.0,0.0095
2024-09-30,13.23,14.74,12.9,14.71,36659555.0,508835495.0,1448887173.0,0.0253
2024-10-08,17.66,17.66,16.78,17.66,46817790.0,818169192.0,1448887173.0,0.0323
2024-10-09,17.69,19.47,16.69,17.87,63202251.0,1151836504.0,1448887173.0,0.0436
2024-10-10,18.04,18.36,16.0,16.32,37820570.0,643107815.0,1448887173.0,0.0261
2024-10-11,16.38,16.38,15.16,15.42,24681745.0,386743756.0,1448887173.0,0.017
2024-10-14,15.78,16.66,15.19,16.41,27074037.0,432114409.0,1448887173.0,0.0187
2024-10-15,16.7,16.78,15.78,15.8,18395370.0,299245813.0,1448887173.0,0.0127
2024-10-16,15.48,15.9,15.36,15.43,13415712.0,209179120.0,1448887173.0,0.0093
2024-10-17,15.61,15.78,15.08,15.1,15614378.0,240306544.0,1448887173.0,0.0108
2024-10-18,15.01,17.18,15.01,16.58,30988254.0,500523913.0,1448887173.0,0.0214
2024-10-21,16.97,17.86,16.42,17.15,40825587.0,699569924.0,1448887173.0,0.0282
2024-10-22,16.99,17.02,16.41,16.74,22856121.0,381850530.0,1448887173.0,0.0158
2024-10-23,16.53,17.43,16.48,16.87,21293520.0,361407363.0,1448887173.0,0.0147
2024-10-24,16.49,16.87,16.3,16.46,15291175.0,252886292.0,1448887173.0,0.0106
2024-10-25,16.46,16.85,16.46,16.55,15401399.0,255962791.0,1448887173.0,0.0106
2024-10-28,16.47,16.47,16.15,16.34,14071737.0,229597967.0,1448887173.0,0.0097
2024-10-29,16.34,16.42,15.93,15.97,15396672.0,249552780.0,1448887173.0,0.0106
2024-10-30,16.08,16.08,15.45,15.68,14890379.0,234408211.0,1448887173.0,0.0103
2024-10-31,15.38,15.47,15.06,15.37,23166544.0,354174883.0,1448887173.0,0.016
2024-11-01,15.43,15.44,14.79,14.83,15303725.0,230827749.0,1448887173.0,0.0106
2024-11-04,14.84,15.38,14.84,15.37,14851561.0,225791801.0,1448887173.0,0.0103
2024-11-05,15.37,17.17,15.29,16.9,33473724.0,550027950.0,1448887173.0,0.0231
2024-11-06,17.03,17.58,16.73,16.83,29591726.0,507951770.0,1448887173.0,0.0204
2024-11-07,16.78,16.98,16.54,16.92,15504288.0,260659085.0,1448887173.0,0.0107
2024-11-08,17.48,17.59,16.9,16.91,24460016.0,421242127.0,1448887173.0,0.0169
2024-11-11,16.94,18.09,16.93,17.99,30830339.0,543399149.0,1448887173.0,0.0213
2024-11-12,18.12,18.72,17.97,18.46,31767809.0,583591376.0,1448887173.0,0.0219
2024-11-13,18.46,19.33,18.06,18.33,27333263.0,510044934.0,1448887173.0,0.0189
2024-11-14,18.3,18.55,17.49,17.6,18632858.0,335450227.0,1448887173.0,0.0129
2024-11-15,17.5,17.99,16.87,16.92,18354622.0,320337001.0,1448887173.0,0.0127
2024-11-18,16.91,17.29,16.45,16.76,14455078.0,243592649.0,1448887173.0,0.01
2024-11-19,16.97,17.72,16.68,17.53,13917605.0,238828418.0,1448887173.0,0.0096
2024-11-20,17.48,17.98,17.2,17.88,16056408.0,282085424.0,1448887173.0,0.0111
2024-11-21,17.68,17.76,17.19,17.27,13436091.0,234913260.0,1448887173.0,0.0093
2024-11-22,17.26,17.45,16.34,16.37,13852240.0,233818200.0,1448887173.0,0.0096
2024-11-25,16.34,16.98,16.17,16.98,9982906.0,164693548.0,1448887173.0,0.0069
2024-11-26,17.2,17.64,16.78,16.83,14484794.0,250747272.0,1448887173.0,0.01
2024-11-27,16.69,16.8,15.9,16.5,18232650.0,297899627.0,1448887173.0,0.0126
2024-11-28,16.55,16.65,15.82,15.97,14003325.0,226616256.0,1448887173.0,0.0097
2024-11-29,15.97,16.42,15.72,15.96,15568031.0,249580662.0,1448887173.0,0.0107
2024-12-02,15.91,16.01,15.64,15.73,18973741.0,300351967.0,1448887173.0,0.0131
2024-12-03,15.8,16.15,15.69,15.98,12439279.0,197941399.0,1448887173.0,0.0086
2024-12-04,16.28,16.37,15.61,15.7,14003701.0,224161622.0,1448887173.0,0.0097
2024-12-05,15.68,15.81,15.56,15.7,7548664.0,118523963.0,1448887173.0,0.0052
2024-12-06,15.78,16.55,15.7,16.34,18797310.0,305204298.0,1448887173.0,0.013
2024-12-09,16.38,16.44,15.94,16.01,11892637.0,192219266.0,1448887173.0,0.0082
2024-12-10,16.97,16.98,16.11,16.12,13495832.0,221360532.0,1448887173.0,0.0093
2024-12-11,16.12,16.63,16.06,16.33,12429086.0,204169591.0,1448887173.0,0.0086
2024-12-12,16.5,16.86,15.93,16.63,17579678.0,287280290.0,1448887173.0,0.0121
2024-12-13,16.5,16.5,16.0,16.08,15677182.0,254008435.0,1448887173.0,0.0108
2024-12-16,16.01,16.16,15.68,15.73,8765360.0,139069363.0,1448887173.0,0.006
2024-12-17,15.77,15.81,15.55,15.73,7263721.0,114233724.0,1448887173.0,0.005
2024-12-18,15.85,16.09,15.67,15.99,10955551.0,174482172.0,1448887173.0,0.0076
2024-12-19,15.83,16.06,15.69,15.81,9698480.0,154009571.0,1448887173.0,0.0067
2024-12-20,15.9,16.27,15.75,16.14,17179748.0,275991469.0,1448887173.0,0.0119
2024-12-23,16.19,16.19,15.01,15.04,21676791.0,334405123.0,1448887173.0,0.015
2024-12-24,15.16,15.27,14.9,15.17,12023581.0,181819278.0,1448887173.0,0.0083
2024-12-25,15.08,15.21,14.74,14.85,11160590.0,166686355.0,1448887173.0,0.0077
2024-12-26,14.85,14.92,14.61,14.65,13039704.0,192511814.0,1448887173.0,0.009
2024-12-27,14.65,14.97,14.43,14.44,15857179.0,233399113.0,1448887173.0,0.0109
2024-12-30,14.44,14.48,13.94,13.98,17186568.0,243016353.0,1448887173.0,0.0119
2024-12-31,14.08,14.09,13.4,13.42,13927594.0,190580576.0,1448887173.0,0.0096
2025-01-02,13.42,13.46,12.82,12.97,15678085.0,205611218.0,1448887173.0,0.0108
2025-01-03,12.99,13.17,12.84,12.86,10726128.0,139705468.0,1448887173.0,0.0074
2025-01-06,12.86,12.97,12.61,12.73,8022336.0,102569807.0,1448887173.0,0.0055
2025-01-07,12.83,13.01,12.55,12.95,10379274.0,132911703.0,1448887173.0,0.0072
2025-01-08,12.88,13.05,12.46,12.92,10821920.0,138675845.0,1448887173.0,0.0075
2025-01-09,12.92,13.01,12.77,12.78,7990398.0,103046725.0,1448887173.0,0.0055
2025-01-10,12.73,12.88,12.41,12.42,10401941.0,131631951.0,1448887173.0,0.0072
2025-01-13,12.33,13.3,12.27,13.14,18264624.0,235158081.0,1448887173.0,0.0126
2025-01-14,13.1,13.52,13.08,13.5,13100628.0,175102682.0,1448887173.0,0.009
2025-01-15,13.39,13.52,13.19,13.27,8021051.0,106954113.0,1448887173.0,0.0055
2025-01-16,13.4,13.55,13.16,13.31,8770334.0,117297235.0,1448887173.0,0.0061
2025-01-17,13.37,13.52,13.14,13.35,9498977.0,126808912.0,1448887173.0,0.0066
2025-01-20,13.48,13.52,13.15,13.21,7738339.0,103085513.0,1448887173.0,0.0053
2025-01-21,13.23,13.85,13.21,13.56,14250701.0,193673499.0,1448887173.0,0.0098
2025-01-22,13.56,13.56,13.21,13.27,7789906.0,104009746.0,1448887173.0,0.0054
2025-01-23,13.39,13.68,13.34,13.36,9009750.0,121795313.0,1448887173.0,0.0062
2025-01-24,13.34,13.56,13.26,13.45,8078220.0,108514416.0,1448887173.0,0.0056
2025-01-27,14.12,14.31,13.8,13.81,17886009.0,252527061.0,1448887173.0,0.0123
2025-02-05,14.11,14.12,13.83,13.95,13629905.0,190414722.0,1448887173.0,0.0094
2025-02-06,13.98,14.6,13.73,14.56,21237466.0,303468917.0,1448887173.0,0.0147
2025-02-07,14.51,14.76,14.26,14.49,19255140.0,280322050.0,1448887173.0,0.0133
2025-02-10,14.48,14.62,14.34,14.48,15459102.0,224189871.0,1448887173.0,0.0107
2025-02-11,14.53,14.55,14.1,14.14,17057501.0,242953006.0,1448887173.0,0.0118
2025-02-12,14.12,16.08,14.09,15.88,40219094.0,607783208.0,1448887173.0,0.0278
2025-02-13,15.64,15.98,15.48,15.71,28437983.0,445792833.0,1448887173.0,0.0196
2025-02-14,15.58,16.03,15.18,15.89,28648915.0,449132770.0,1448887173.0,0.0198
2025-02-17,15.9,15.97,15.48,15.66,21525298.0,338343454.0,1448887173.0,0.0149
2025-02-18,15.76,15.97,15.32,15.37,24684861.0,386883055.0,1448887173.0,0.017
2025-02-19,15.3,16.32,15.3,16.11,31567808.0,504532378.0,1448887173.0,0.0218
2025-02-20,16.13,16.28,15.84,16.06,20300836.0,326608345.0,1448887173.0,0.014
2025-02-21,16.23,16.46,15.89,16.23,28857459.0,467635640.0,1448887173.0,0.0199
2025-02-24,16.37,16.37,15.91,16.19,18862989.0,304575481.0,1448887173.0,0.013
2025-02-25,15.98,16.96,15.86,16.56,27633316.0,456836106.0,1448887173.0,0.0191
2025-02-26,16.66,16.76,16.38,16.53,17173972.0,284444278.0,1448887173.0,0.0119
2025-02-27,16.64,16.68,16.14,16.49,18422886.0,302740346.0,1448887173.0,0.0127
2025-02-28,16.45,16.87,15.94,16.03,25161097.0,412576594.0,1448887173.0,0.0174
2025-03-03,16.05,16.6,15.97,15.99,18541908.0,301927590.0,1448887173.0,0.0128
2025-03-04,15.93,16.33,15.72,16.17,15892721.0,255932820.0,1448887173.0,0.011
2025-03-05,16.1,16.34,15.95,16.12,12469438.0,200957216.0,1448887173.0,0.0086
2025-03-06,16.19,16.33,16.07,16.24,16479841.0,267731518.0,1448887173.0,0.0114
2025-03-07,16.27,16.32,15.79,15.9,14991222.0,240728309.0,1448887173.0,0.0103
2025-03-10,15.88,15.93,15.68,15.73,11999167.0,189379570.0,1448887173.0,0.0083
2025-03-11,15.58,15.84,15.48,15.77,9240756.0,145141545.0,1448887173.0,0.0064
2025-03-12,15.84,15.88,15.62,15.64,11579089.0,182200165.0,1448887173.0,0.008
2025-03-13,15.64,15.68,15.02,15.18,14484037.0,221266787.0,1448887173.0,0.01
2025-03-14,15.2,15.51,15.11,15.44,10581150.0,162466413.0,1448887173.0,0.0073
2025-03-17,15.48,15.73,15.36,15.49,8909255.0,138554630.0,1448887173.0,0.0061
2025-03-18,15.57,15.7,15.44,15.49,6994979.0,108939421.0,1448887173.0,0.0048
2025-03-19,15.42,15.55,15.29,15.54,6799519.0,105060560.0,1448887173.0,0.0047
2025-03-20,15.52,15.56,15.28,15.3,7528240.0,116163347.0,1448887173.0,0.0052
2025-03-21,15.25,15.32,15.02,15.04,8552072.0,129585110.0,1448887173.0,0.0059
2025-03-24,15.05,15.14,14.68,15.09,8232972.0,122841813.0,1448887173.0,0.0057
2025-03-25,15.1,15.12,14.89,14.94,5853812.0,87805246.0,1448887173.0,0.004
2025-03-26,14.89,15.12,14.86,14.94,4502588.0,67491790.0,1448887173.0,0.0031
2025-03-27,14.88,15.23,14.71,14.93,7998914.0,119871357.0,1448887173.0,0.0055
2025-03-28,14.99,15.13,14.89,14.93,5255040.0,78954941.0,1448887173.0,0.0036
2025-03-31,14.83,15.03,14.73,14.98,6142687.0,91310949.0,1448887173.0,0.0042
2025-04-01,15.04,15.14,14.89,14.98,7452162.0,111824183.0,1448887173.0,0.0051
2025-04-02,14.98,15.16,14.93,15.03,5334869.0,80456642.0,1448887173.0,0.0037
2025-04-03,14.95,15.14,14.76,14.87,6004583.0,89792403.0,1448887173.0,0.0041
2025-04-07,13.93,14.18,12.07,12.7,19150800.0,251940261.0,1448887173.0,0.0132
2025-04-08,12.78,13.45,12.77,13.13,12517951.0,164471873.0,1448887173.0,0.0086
2025-04-09,12.88,13.72,12.61,13.33,15839556.0,211277515.0,1448887173.0,0.0109
2025-04-10,13.64,14.04,13.56,13.83,10774785.0,149275252.0,1448887173.0,0.0074
2025-04-11,13.68,14.63,13.67,14.33,14845919.0,212120603.0,1448887173.0,0.0102
2025-04-14,14.39,14.58,14.19,14.2,8962802.0,128695492.0,1448887173.0,0.0062
2025-04-15,14.25,14.25,13.95,14.18,6193565.0,87424417.0,1448887173.0,0.0043
2025-04-16,14.2,14.5,14.05,14.35,9986371.0,143365411.0,1448887173.0,0.0069
2025-04-17,14.34,14.53,14.1,14.1,7844608.0,112446649.0,1448887173.0,0.0054
2025-04-18,14.13,14.2,13.86,14.13,5728242.0,80518978.0,1448887173.0,0.004
2025-04-21,14.16,14.22,14.06,14.11,5195968.0,73457786.0,1448887173.0,0.0036
2025-04-22,14.09,14.32,13.99,14.22,6507723.0,92342295.0,1448887173.0,0.0045
2025-04-23,14.24,14.61,14.23,14.49,7068254.0,102094397.0,1448887173.0,0.0049
2025-04-24,14.48,14.51,14.16,14.25,4612578.0,66118856.0,1448887173.0,0.0032
2025-04-25,14.4,14.4,14.21,14.25,4831339.0,69074586.0,1448887173.0,0.0033
2025-04-28,14.23,14.45,14.08,14.39,5439174.0,77785144.0,1448887173.0,0.0038
2025-04-29,13.69,13.69,13.03,13.5,13920039.0,186427837.0,1448887173.0,0.0096
2025-04-30,13.58,13.82,13.41,13.77,7566168.0,103547756.0,1448887173.0,0.0052
2025-05-06,13.92,14.08,13.69,13.98,9677356.0,134805007.0,1448887173.0,0.0067
2025-05-07,14.17,14.28,13.81,13.99,8360429.0,117096804.0,1448887173.0,0.0058
2025-05-08,14.01,14.12,13.95,14.07,6028809.0,84667573.0,1448887173.0,0.0042
2025-05-09,13.98,14.12,13.88,13.97,4905594.0,68692350.0,1448887173.0,0.0034
2025-05-12,14.03,14.27,14.0,14.27,5663445.0,80450289.0,1448887173.0,0.0039
2025-05-13,14.68,14.68,14.09,14.12,5340556.0,76349549.0,1448887173.0,0.0037
2025-05-14,14.13,14.26,13.89,13.96,6565432.0,92058876.0,1448887173.0,0.0045
2025-05-15,13.93,14.03,13.82,13.92,5586475.0,77945577.0,1448887173.0,0.0039
2025-05-16,13.87,14.85,13.87,14.54,12250314.0,177546507.0,1448887173.0,0.0085
2025-05-19,14.54,15.23,14.5,15.18,17171670.0,258605432.0,1448887173.0,0.0119
2025-05-20,15.17,15.55,15.05,15.27,10158031.0,155886763.0,1448887173.0,0.007
2025-05-21,15.24,15.52,15.08,15.18,7305798.0,111409741.0,1448887173.0,0.005
2025-05-22,15.11,15.38,15.11,15.18,4518410.0,69002135.0,1448887173.0,0.0031
2025-05-23,15.23,15.42,14.92,14.96,6552617.0,99606297.0,1448887173.0,0.0045
2025-05-26,15.08,15.08,14.84,14.97,4726140.0,70698730.0,1448887173.0,0.0033
2025-05-27,15.03,15.56,14.82,15.52,9556974.0,146573702.0,1448887173.0,0.0066
2025-05-28,15.51,15.7,15.48,15.6,5283514.0,82394207.0,1448887173.0,0.0036
2025-05-29,15.6,15.62,15.4,15.49,4870872.0,75445783.0,1448887173.0,0.0034
2025-05-30,15.46,15.76,15.42,15.75,6909791.0,108017621.0,1448887173.0,0.0048
2025-06-03,15.6,15.65,15.1,15.16,10537418.0,162130091.0,1448887173.0,0.0073
2025-06-04,15.09,15.16,14.92,15.0,5585390.0,83893080.0,1448887173.0,0.0039
2025-06-05,15.0,15.16,14.95,15.13,5477980.0,82527982.0,1448887173.0,0.0038
2025-06-06,15.14,15.48,15.04,15.4,7813923.0,119914533.0,1448887173.0,0.0054
2025-06-09,15.34,15.6,15.22,15.4,7335743.0,113124391.0,1448887173.0,0.0051
2025-06-10,15.35,15.45,14.87,14.94,7637408.0,115340246.0,1448887173.0,0.0053
2025-06-11,14.93,15.18,14.92,15.05,5572633.0,84133579.0,1448887173.0,0.0038
2025-06-12,15.01,15.24,14.75,14.82,7083275.0,105921819.0,1448887173.0,0.0049
2025-06-13,14.72,14.79,14.11,14.43,21702771.0,311468275.0,1448887173.0,0.015
2025-06-16,14.28,14.52,14.24,14.43,6586729.0,95107751.0,1448887173.0,0.0045
2025-06-17,14.4,14.53,14.29,14.44,5534048.0,79871006.0,1448887173.0,0.0038
2025-06-18,14.46,14.62,14.34,14.57,5172801.0,75200884.0,1448887173.0,0.0036
2025-06-19,14.58,14.61,14.42,14.52,4368506.0,63525343.0,1448887173.0,0.003
2025-06-20,14.53,14.7,14.44,14.44,4180791.0,60870780.0,1448887173.0,0.0029
2025-06-23,14.55,14.76,14.32,14.71,5067974.0,74140741.0,1448887173.0,0.0035
2025-06-24,14.71,15.22,14.69,15.17,8471020.0,127219803.0,1448887173.0,0.0058
2025-06-25,15.19,15.51,15.09,15.48,9754692.0,149614162.0,1448887173.0,0.0067
2025-06-26,15.46,15.62,15.29,15.49,7304374.0,113077531.0,1448887173.0,0.005
2025-06-27,15.57,15.62,15.42,15.44,7451596.0,115682638.0,1448887173.0,0.0051
2025-06-30,15.5,15.56,15.37,15.38,6410459.0,99266644.0,1448887173.0,0.0044
2025-07-01,15.4,15.61,15.27,15.53,7811490.0,121289299.0,1448887173.0,0.0054
2025-07-02,15.47,15.66,15.13,15.2,7685174.0,118453266.0,1448887173.0,0.0053
2025-07-03,15.28,15.73,15.2,15.61,7209968.0,111751658.0,1448887173.0,0.005
2025-07-04,15.65,15.77,15.45,15.49,6438378.0,100599869.0,1448887173.0,0.0044
2025-07-07,15.5,15.71,15.39,15.58,4222568.0,65766417.0,1448887173.0,0.0029
2025-07-08,15.67,15.72,15.46,15.62,5118167.0,79929203.0,1448887173.0,0.0035
2025-07-09,15.7,15.78,15.54,15.68,4217956.0,66128771.0,1448887173.0,0.0029
2025-07-10,15.69,15.91,15.62,15.89,5100008.0,80669833.0,1448887173.0,0.0035
2025-07-11,15.89,16.03,15.73,15.99,6455192.0,102695717.0,1448887173.0,0.0045
2025-07-14,15.9,16.04,15.84,15.84,4939473.0,78779943.0,1448887173.0,0.0034
2025-07-15,15.82,16.08,15.73,15.9,6734994.0,107253108.0,1448887173.0,0.0046
2025-07-16,15.89,16.03,15.77,15.79,4532612.0,71982207.0,1448887173.0,0.0031
2025-07-17,15.7,15.87,15.65,15.74,5358937.0,84545582.0,1448887173.0,0.0037
2025-07-18,15.73,15.82,15.45,15.72,7805155.0,121956854.0,1448887173.0,0.0054
2025-07-21,15.75,15.92,15.67,15.72,4692662.0,73985953.0,1448887173.0,0.0032
2025-07-22,15.82,16.16,15.76,15.86,6755462.0,107274383.0,1448887173.0,0.0047
2025-07-23,15.91,16.02,15.78,15.81,6007284.0,95363194.0,1448887173.0,0.0041
2025-07-24,15.88,16.24,15.82,16.13,9333701.0,150163388.0,1448887173.0,0.0064
2025-07-25,16.18,16.22,15.92,16.11,7792114.0,125101071.0,1448887173.0,0.0054
2025-07-28,16.17,16.25,15.97,16.05,8134745.0,131154277.0,1448887173.0,0.0056
2025-07-29,16.07,16.14,15.82,15.94,9373930.0,149391517.0,1448887173.0,0.0065
2025-07-30,15.91,16.12,15.71,15.9,8642955.0,137697822.0,1448887173.0,0.006
2025-07-31,15.9,15.98,15.25,15.3,13288152.0,206572542.0,1448887173.0,0.0092
2025-08-01,15.38,15.52,15.27,15.37,6957090.0,106952194.0,1448887173.0,0.0048
2025-08-04,15.3,15.42,15.2,15.38,4797983.0,73599352.0,1448887173.0,0.0033
2025-08-05,15.37,15.63,15.32,15.62,5059318.0,78584359.0,1448887173.0,0.0035
2025-08-06,15.8,16.1,15.8,16.08,12300722.0,197028719.0,1448887173.0,0.0085
2025-08-07,16.14,16.2,15.91,15.93,11213868.0,179895210.0,1448887173.0,0.0077
2025-08-08,15.9,15.98,15.47,15.84,10040366.0,157702344.0,1448887173.0,0.0069
2025-08-11,15.83,15.85,15.65,15.72,7666799.0,120690006.0,1448887173.0,0.0053
2025-08-12,15.73,15.75,15.47,15.51,11998201.0,186647718.0,1448887173.0,0.0083
2025-08-13,15.55,16.1,15.53,15.74,12759001.0,201449167.0,1448887173.0,0.0088
2025-08-14,15.7,15.76,15.31,15.31,14922408.0,231467023.0,1448887173.0,0.0103
2025-08-15,15.28,15.72,15.27,15.61,11537447.0,179240233.0,1448887173.0,0.008
2025-08-18,15.7,16.23,15.66,16.06,20340627.0,326264367.0,2498887173.0,0.0081
2025-08-19,16.14,16.34,15.94,16.17,12913135.0,208725937.0,2498887173.0,0.0052
2025-08-20,16.13,16.85,15.99,16.82,19748618.0,325438176.0,2498887173.0,0.0079
2025-08-21,16.85,17.15,16.63,16.74,18249799.0,307295538.0,2498887173.0,0.0073
2025-08-22,16.73,17.28,16.65,17.25,24453037.0,415906343.0,2498887173.0,0.0098
2025-08-25,17.45,17.68,16.84,17.03,26737982.0,459200584.0,2498887173.0,0.0107
2025-08-26,16.96,17.57,16.9,17.3,19650263.0,340474920.0,2498887173.0,0.0079
2025-08-27,17.62,18.39,17.3,17.5,34625515.0,620886270.0,2498887173.0,0.0139
2025-08-28,17.56,17.89,17.12,17.75,30842379.0,542003706.0,2498887173.0,0.0123
2025-08-29,17.67,17.67,17.17,17.25,23924903.0,414453949.0,2498887173.0,0.0096
2025-09-01,17.5,17.98,17.1,17.23,25594234.0,444320735.0,2498887173.0,0.0102
2025-09-02,17.15,17.29,16.55,16.75,20013305.0,337879564.0,2498887173.0,0.008
2025-09-03,16.76,16.87,16.32,16.41,14750565.0,244615761.0,2498887173.0,0.0059
2025-09-04,16.41,16.53,15.41,15.62,19634824.0,312250206.0,2498887173.0,0.0079
2025-09-05,15.71,15.99,15.41,15.97,18096640.0,283913822.0,2498887173.0,0.0072
2025-09-08,16.02,16.04,15.59,15.85,14705012.0,232176658.0,2498887173.0,0.0059
2025-09-09,15.78,15.82,15.35,15.37,15300870.0,237362060.0,2498887173.0,0.0061
2025-09-10,15.43,15.53,15.2,15.25,12355910.0,189200928.0,2498887173.0,0.0049
2025-09-11,15.2,15.9,15.17,15.89,23233637.0,362055935.0,2498887173.0,0.0093
2025-09-12,15.92,16.35,15.8,16.13,25578388.0,413496782.0,2498887173.0,0.0102
2025-09-15,16.63,16.77,16.05,16.05,18727379.0,304622926.0,2498887173.0,0.0075
2025-09-16,16.18,16.2,15.85,16.08,14582993.0,233577110.0,2498887173.0,0.0058
2025-09-17,16.0,16.36,16.0,16.14,14491617.0,234381208.0,2498887173.0,0.0058
2025-09-18,16.15,16.69,15.98,16.32,26449650.0,432754568.0,2498887173.0,0.0106
2025-09-19,16.35,16.49,16.01,16.09,17354855.0,282299670.0,2498887173.0,0.0069
2025-09-22,16.2,16.4,16.07,16.4,17112490.0,278449808.0,2498887173.0,0.0068
2025-09-23,16.44,16.58,15.68,16.52,23958622.0,386872238.0,2498887173.0,0.0096
2025-09-24,16.4,17.6,16.39,17.31,34372653.0,589988128.0,2498887173.0,0.0138
2025-09-25,17.28,17.83,17.23,17.75,23696969.0,417081213.0,2498887173.0,0.0095
2025-09-26,17.67,18.13,17.55,17.79,23211677.0,416393539.0,2498887173.0,0.0093
2025-09-29,17.79,17.88,17.44,17.75,17939237.0,316920347.0,2498887173.0,0.0072
2025-09-30,17.84,18.08,17.62,17.95,16826760.0,301907529.0,2498887173.0,0.0067
2025-10-09,18.1,18.94,17.93,18.52,24679313.0,455952393.0,2498887173.0,0.0099
2025-10-10,18.2,18.44,17.38,17.47,22573850.0,400340594.0,2498887173.0,0.009
2025-10-13,17.05,17.9,17.0,17.82,19939647.0,350873242.0,2498887173.0,0.008
2025-10-14,17.95,18.02,17.25,17.26,18344756.0,322466476.0,2498887173.0,0.0073
2025-10-15,17.32,17.57,16.72,16.94,17858682.0,303486344.0,2498887173.0,0.0071
2025-10-16,16.93,16.95,16.55,16.65,13377540.0,223528961.0,2498887173.0,0.0054
2025-10-17,16.64,16.71,15.83,15.88,16166346.0,260710916.0,2498887173.0,0.0065
2025-10-20,16.17,16.22,15.54,15.66,17668777.0,279780564.0,2498887173.0,0.0071
2025-10-21,15.75,16.03,15.65,16.0,14625166.0,232092201.0,2498887173.0,0.0059
2025-10-22,15.9,15.97,15.63,15.83,11083101.0,174932093.0,2498887173.0,0.0044
2025-10-23,15.73,15.82,15.45,15.76,11034799.0,172073627.0,2498887173.0,0.0044
2025-10-24,15.88,16.24,15.88,16.22,14228080.0,229182547.0,2498887173.0,0.0057
2025-10-27,16.3,16.5,16.08,16.35,15483051.0,252307072.0,2498887173.0,0.0062
2025-10-28,16.33,16.49,16.21,16.33,12158740.0,198847704.0,2498887173.0,0.0049
2025-10-29,16.33,16.59,16.19,16.57,10363084.0,169820160.0,2498887173.0,0.0041
2025-10-30,16.51,16.57,16.15,16.18,13883341.0,226288244.0,2498887173.0,0.0056
2025-10-31,16.34,16.39,15.92,15.96,15693993.0,253011862.0,2498887173.0,0.0063
2025-11-03,16.0,16.02,15.09,15.27,27254660.0,416614796.0,2498887173.0,0.0109
2025-11-04,15.2,15.2,14.92,15.07,16059657.0,241446110.0,2498887173.0,0.0064
2025-11-05,15.0,15.16,14.94,15.06,10500650.0,158132845.0,2498887173.0,0.0042
2025-11-06,15.09,15.21,15.06,15.16,12367659.0,187257107.0,2498887173.0,0.0049
2025-11-07,15.17,15.34,15.01,15.33,12359735.0,187984269.0,2498887173.0,0.0049
2025-11-10,15.31,15.42,15.08,15.16,13956232.0,212107336.0,2498887173.0,0.0056
2025-11-11,15.22,15.35,15.07,15.1,9725282.0,147412998.0,2498887173.0,0.0039
2025-11-12,15.11,15.12,14.93,15.0,7692410.0,115451903.0,2498887173.0,0.0031
2025-11-13,14.98,15.14,14.95,14.97,10760306.0,161780688.0,2498887173.0,0.0043
2025-11-14,14.9,14.99,14.75,14.75,11950326.0,177570853.0,2498887173.0,0.0048
2025-11-17,14.76,14.82,14.61,14.67,10294652.0,151067516.0,2498887173.0,0.0041
2025-11-18,14.68,14.78,14.6,14.74,8838344.0,130015344.0,2498887173.0,0.0035
2025-11-19,14.7,14.75,14.51,14.58,9810313.0,143177230.0,2498887173.0,0.0039
2025-11-20,14.67,14.73,14.5,14.52,7749939.0,113080689.0,2498887173.0,0.0031
2025-11-21,14.53,14.6,14.1,14.24,13552015.0,193586996.0,2498887173.0,0.0054
2025-11-24,14.28,14.35,13.95,14.2,14154857.0,199715625.0,2498887173.0,0.0057
2025-11-25,14.26,14.59,14.2,14.41,13227325.0,191346866.0,2498887173.0,0.0053
2025-11-26,14.41,14.53,14.31,14.32,11144669.0,160510445.0,2498887173.0,0.0045
2025-11-27,14.3,14.74,14.25,14.41,14148477.0,205489131.0,2498887173.0,0.0057
2025-11-28,14.41,14.64,14.37,14.63,9863404.0,143554956.0,2498887173.0,0.0039
2025-12-01,14.63,14.75,14.5,14.74,12941098.0,189349549.0,2498887173.0,0.0052
2025-12-02,14.64,14.86,14.54,14.56,10097692.0,148048391.0,2498887173.0,0.004
2025-12-03,14.51,14.7,14.41,14.52,9185243.0,133522787.0,2498887173.0,0.0037
2025-12-04,14.59,14.6,14.37,14.55,8102557.0,117526193.0,2498887173.0,0.0032
2025-12-05,14.8,14.9,14.56,14.84,12975405.0,190795717.0,2498887173.0,0.0052
2025-12-08,14.8,15.04,14.79,14.9,13673528.0,204005650.0,2498887173.0,0.0055
2025-12-09,14.81,14.94,14.77,14.8,9128693.0,135408476.0,2498887173.0,0.0037
2025-12-10,14.81,15.15,14.68,15.06,13961612.0,208893130.0,2498887173.0,0.0056
2025-12-11,15.11,15.13,14.89,14.89,10546777.0,158089471.0,2498887173.0,0.0042
2025-12-12,14.91,15.33,14.84,15.23,20007788.0,303855978.0,2498887173.0,0.008
2025-12-15,15.09,15.18,15.02,15.04,11380960.0,171687303.0,2498887173.0,0.0046
2025-12-16,15.1,15.11,14.77,14.79,11682017.0,173885330.0,2498887173.0,0.0047
2025-12-17,14.85,15.43,14.82,15.37,17775711.0,269214375.0,2498887173.0,0.0071
2025-12-18,15.28,15.35,15.12,15.19,9685290.0,147300287.0,2498887173.0,0.0039
2025-12-19,15.16,15.28,15.09,15.12,9387769.0,142417498.0,2498887173.0,0.0038
2025-12-22,15.16,15.27,15.12,15.12,10391692.0,157729982.0,2498887173.0,0.0042
2025-12-23,15.15,15.16,14.87,14.93,9014584.0,134844812.0,2498887173.0,0.0036
2025-12-24,14.95,15.15,14.85,15.12,10212325.0,153715733.0,2498887173.0,0.0041
2025-12-25,15.09,15.23,15.02,15.17,8583416.0,129987656.0,2498887173.0,0.0034
2025-12-26,15.21,15.29,15.11,15.24,10073611.0,153420788.0,2498887173.0,0.004
