选项,指标,20250930,20250630,20250331,20241231,20240930,20240630,20240331,20231231,20230930,20230630,20230331,20221231,20220930,20220630,20220331,20211231,20210930,20210630,20210331,20201231,20200930,20200630,20200331,20191231,20190930,20190630,20190331,20181231,20180930,20180630,20180331,20171231,20170930,20170630,20170331,20161231,20160930,20160630,20160331,20151231,20150930,20150630,20150331,20141231,20140930,20140630,20140331,20131231,20130930,20130630,20130331,20121231,20120930,20120630,20120331,20111231,20110930,20110630,20110331,20101231,20100930,20100630,20100331,20091231,20090930,20090630,20090331,20081231,20080930,20071231,20061231
常用指标,归母净利润,982053022.16,690925899.89,378539846.83,246937715.5,802655886.18,697242271.91,481871134.58,1258200337.67,1353600791.72,961487273.99,596924222.49,2203779374.63,1810102684.93,1268027645.71,545393656.31,1719324578.02,1921167226.63,1725814351.46,726138208.52,1801932532.92,1973037244.82,1140346570.28,383864743.91,1725306191.17,1612188346.57,1155376682.27,582778157.82,1218692899.2,1143442819.75,809785040.72,303186876.5,899085330.05,738250050.57,495332930.62,231972260.2,679255737.63,543512050.03,377454382.25,176861680.42,520890606.57,415619790.19,288037210.87,128447025.71,423192551.24,318458173.63,210853054.8,93535659.02,361645473.04,274713360.75,187520757.01,92932997.01,403273290.0,325134179.67,236798589.04,145597946.2,473157671.92,362757455.62,263312170.38,141883513.5,410482721.72,304390281.04,209173070.85,108574809.13,292212135.6,215465572.07,148038590.89,76981103.05,201368062.33,158068206.69,149725515.22,63600462.74
常用指标,营业总收入,4938709224.18,3369384556.21,1736231253.08,6103269105.88,4785471627.57,3383886554.54,1922028839.15,7979899319.74,6259227849.28,4301457705.65,2437202386.92,10609442080.61,7761799196.45,5333506938.54,2549111243.52,10659734875.07,8634605321.07,6520565288.78,2749291118.03,8038667540.97,6387105311.18,4237839211.58,1666605604.4,7795529386.34,5879678426.64,3921023274.17,1878134846.7,6356304792.21,4584480042.44,2954630020.05,1435819242.16,4537642656.24,3290350199.68,2182637167.48,1031621618.79,3467748233.68,2524522143.75,1675949656.56,798731779.85,2768717463.81,1974967121.78,1332018311.95,629096324.52,1668636955.67,1224525102.76,792344899.5,364147971.18,1303267831.76,950177028.95,605523557.11,292817845.69,1015920079.79,751525453.42,506692053.75,289918261.67,919846240.19,678769523.57,469111811.32,237211439.37,770100945.78,564122526.89,382723591.49,184829598.3,565197407.7,416868266.66,280897706.9,136524424.59,393879358.73,279378893.67,298984733.77,175338190.46
常用指标,营业成本,3806841489.27,2565093395.65,1321825918.33,5522118442.71,3880756982.24,2586484750.06,1336348890.0,6354887008.61,4727014426.22,3214116746.52,1749019988.44,7926747100.31,5543517223.94,3770341813.17,1840886155.2,8207652668.99,5954607123.75,4290159151.86,1854128716.13,6192510207.79,4496064156.21,2775909988.85,1194292375.83,5842886015.48,4236840977.1,2765511278.24,1361198013.97,4826592504.34,3347974836.62,2086268809.42,1039501284.95,3395838813.64,2366832783.56,1534901976.58,731387953.7,2601321150.27,1836325454.89,1205007937.67,582230310.08,2093489453.3,1456394019.04,978051749.14,463612713.44,1153365298.0,830460464.79,534074411.94,250755780.0,881943812.02,626654775.68,387999865.52,184900843.22,553070800.64,377339663.57,235330333.86,123649664.87,387078914.13,268496848.15,170938806.04,76751978.81,300953004.74,215698809.46,141655735.34,59715383.59,237981956.93,173250271.79,113893882.77,49464622.35,194592822.91,120921041.83,156185975.66,95399454.58
常用指标,净利润,995994270.25,699367534.19,377214013.29,197293867.05,783347652.61,690008144.19,492760543.46,1292350950.38,1403226364.02,998007394.11,618318467.79,2246055494.1,1836058042.02,1296923306.6,562128635.52,1780418647.43,2013048383.07,1815737536.27,757628602.26,1877078567.19,2010480898.46,1183982731.36,389321914.57,1723791719.88,1616340810.23,1159082273.52,578522241.75,1254873878.37,1175778540.51,843286861.26,333825861.62,993679922.3,809827670.98,546019974.8,255281610.78,746708040.37,591305609.33,408325118.0,189529013.84,595991039.11,471979446.75,323437243.17,143708121.07,452236468.62,335967428.43,220395681.98,94928616.25,366650068.31,276044822.36,186475808.12,92169960.38,403326975.54,326122782.92,236798589.04,145597946.2,473157671.92,362757455.62,263312170.38,141883513.5,410641019.59,304640950.65,209423740.46,108778681.13,292358067.85,215827017.51,148262819.27,77016525.13,201169694.65,158068206.69,149725515.22,63600462.74
常用指标,扣非净利润,940907198.82,662195779.67,337386464.42,221430404.42,734074379.16,647147330.31,456433815.92,1123116336.93,1285930081.17,904874709.56,562429846.3,2142486458.55,1804775009.94,1263510359.96,547208342.77,1854940941.11,2085056587.68,1717643097.8,682553832.11,1412890674.82,1596660185.83,1114496357.21,375534946.55,1240781861.24,1328891038.86,919565847.5,416304892.9,1049684868.9,980334256.25,670199797.16,297982043.24,852996743.1,697750282.17,490361121.01,228795581.59,663284610.68,532905821.67,370924299.21,172420578.71,509055841.73,398153208.57,273937748.82,125948904.12,406861432.65,313031263.79,206933172.0,92965112.36,352788900.2,271900260.11,185373697.37,91612227.22,391910969.71,320049555.02,232596512.07,141991448.3,468392436.91,361130112.63,262414258.3,141097401.82,407426200.0,303093376.0,209293957.6,108737032.9,288671100.0,211205032.76,147938824.02,,198151707.96,,139425500.87,63276302.24
常用指标,股东权益合计(净资产),17745016155.34,17399410445.6,17159227939.47,16740436314.92,17301301305.44,17440655307.33,18009770885.87,17497555120.6,17600547880.62,17027642159.86,17082353532.6,16371854270.74,14895737672.93,12818352105.88,12707482288.65,12273536573.25,12512449742.56,12329114679.8,11320675601.88,10537426448.47,10689465857.13,9167295593.87,8442724801.67,8004948804.97,7888150423.14,7278553710.25,7068832100.19,6588052848.07,7113328869.77,6586249995.1,6440086272.62,7027249574.72,6745281913.91,6406461915.51,6259998958.1,6013324366.09,5140361457.78,4865968755.39,4819596427.21,5338610457.2,3962788803.65,3710240500.39,3661052814.28,3292592619.36,3123137630.08,3009445319.0,2989748233.07,2894430431.18,2784527133.46,2659939415.0,2711107487.73,2618415163.08,2543040366.99,2441808917.12,2352119467.59,2341526921.39,2230479328.97,2131034043.73,2208277886.85,2066294373.35,1951015304.15,1855798093.96,1864738959.83,1755960278.7,1671547922.32,573808278.2,,511229239.85,,383880922.18,115511082.71
常用指标,商誉,3619848802.32,3619848802.32,3619848802.32,3619848802.32,3841657674.79,3752478309.76,3752478309.76,3504330628.08,3539932030.62,3353428638.3,3330976810.89,3330976810.89,3326724785.48,3326724785.48,3310144961.99,3273478338.67,2970690908.94,2771607339.49,2771607339.49,2771607339.49,2795857937.46,2741811083.02,2718837240.57,2718837240.57,2583290931.18,2161526521.63,2161526521.63,2161526521.63,2213789079.5,2163004749.2,2163004749.2,2163004749.2,2119459249.17,2113768065.48,2074789724.57,2068567362.95,2027270748.68,1798817981.05,1798817981.05,1798817981.05,1849266907.33,1091672602.43,1059336007.37,719887035.61,556582115.22,556582115.22,556582115.22,556582115.22,603047042.69,264087751.03,241156543.08,198080981.19,181466591.8,179495735.42,179495735.42,179495735.42,179495735.42,179495735.42,179495735.42,179495735.42,56188580.42,56188580.42,48281830.04,48281830.04,48281830.04,48281830.04,,48281830.04,,,
常用指标,经营现金流量净额,1012677029.32,636364548.11,419022240.55,734643889.07,423055774.84,158886015.01,141518257.63,990359814.31,603782179.67,141701593.18,-134203435.01,2790709307.02,1821670641.59,1178292977.74,448932891.19,3061991851.71,2325253204.12,2133806807.56,1299360017.17,2089699304.89,1602908261.75,1137063736.58,105363331.48,1990255063.49,1280851946.82,703127698.46,256768199.7,1500508937.59,947165890.62,534322398.6,199777692.75,913132541.27,618836166.68,384809402.65,158657932.87,691890147.44,539184407.44,349031155.3,80505558.47,436460676.55,197574426.82,92230684.42,8308630.61,348316884.55,171823450.87,77200194.02,32872356.56,329757071.15,224304560.48,123137514.9,32161129.67,264962979.97,194734407.37,105973883.99,79659705.87,291197594.74,217022487.25,146847495.63,76599914.15,374248775.34,257767459.52,171147738.78,80399994.77,239785236.94,170634130.56,122032624.96,71688124.28,188594285.35,126787403.79,61365102.86,58317519.41
常用指标,基本每股收益,0.5327,0.3748,0.2053,0.1336,0.4339,0.3766,0.2594,0.6757,0.7268,0.5163,0.3205,1.2228,1.0158,0.7117,0.3054,0.9596,1.072,0.963,0.4052,1.0141,1.1135,0.6445,0.217,0.9746,0.9105,0.6523,0.3288,0.684,0.6418,0.4545,0.1702,0.5053,0.4151,0.2788,0.1309,0.3913,0.3136,0.219,0.1015,0.3208,0.5118,0.1774,0.1582,0.5212,0.3922,0.2597,0.1152,0.4454,0.3383,0.2309,0.1144,0.4966,0.4004,0.2916,0.1793,0.5827,0.4467,0.3243,0.1747,0.5055,0.3749,0.2576,0.1337,0.3894,0.5906,0.4056,,0.5517,,0.4952,0.5227
常用指标,每股净资产,8.411669,8.285679,8.189402,7.969045,8.285887,8.335723,8.594508,8.380976,8.488017,8.245593,8.299905,7.939685,7.277404,6.479046,6.472712,6.239152,6.376649,6.301655,5.890938,5.47096,5.570594,4.671585,4.383411,4.199906,4.188288,3.964023,3.843557,3.570633,3.810729,3.545108,3.466243,3.608821,3.453632,3.27984,3.231704,3.106328,2.70387,2.550561,5.052913,5.513857,4.246704,4.083404,4.026436,3.870153,3.742329,3.612125,3.597904,3.482233,3.374783,3.266471,3.329223,3.216936,3.11525,3.007153,2.896698,2.883653,2.746895,2.624426,2.719554,2.544697,2.402728,2.285465,4.575338,4.307913,4.09947,1.552828,,1.381993,,1.289965,2.310221
常用指标,每股现金流,0.538482,0.338381,0.222811,0.390641,0.224956,0.084486,0.075251,0.526616,0.321056,0.075348,-0.071361,1.483938,0.962313,0.652942,0.248772,1.696782,1.288527,1.182438,0.720034,1.157996,0.888243,0.638207,0.059137,1.117083,0.718912,0.394649,0.144117,0.8422,0.531622,0.299902,0.11213,0.512519,0.347338,0.215984,0.08905,0.388341,0.309241,0.200181,0.092345,0.500651,0.243318,0.113584,0.010232,0.428961,0.211605,0.095074,0.040483,0.406104,0.276237,0.151647,0.039607,0.326309,0.23982,0.130509,0.098103,0.358617,0.267269,0.180846,0.094334,0.460897,0.317447,0.210773,0.198029,0.590604,0.420281,0.334335,,0.516696,,0.206206,1.16635
常用指标,净资产收益率(ROE),6.25,4.43,2.46,1.59,5.01,4.47,2.98,8.23,8.84,6.39,3.86,17.61,15.04,10.69,4.68,16.0,17.7,15.93,7.08,21.12,23.4,14.13,4.97,25.03,23.35,16.93,8.88,19.13,17.65,12.63,4.55,15.17,12.65,8.66,4.11,14.7,11.79,8.03,3.61,15.62,12.57,8.81,4.01,14.21,10.83,7.23,3.18,13.24,10.21,6.98,3.49,16.42,13.36,9.78,6.01,21.81,17.45,12.36,6.64,21.66,,11.39,6.02,35.0,,26.73,,45.44,,59.27,75.84
常用指标,总资产报酬率(ROA),5.153235,3.675895,2.046478,1.640314,4.12205,3.510398,2.570387,6.969249,6.85917,5.03964,3.158036,12.396589,10.451227,7.672014,3.440009,12.22291,13.124679,11.53966,5.056227,14.507057,14.742649,9.144783,3.335932,15.367214,13.70344,10.091019,5.003776,12.544838,11.128133,8.25789,3.485825,11.725429,10.148483,7.095306,3.30312,11.225247,9.271719,6.822429,3.191496,12.910917,11.126808,8.622083,3.990363,15.460138,11.961005,8.234554,3.46311,14.711552,10.822041,7.889661,3.718857,18.479821,14.144947,10.47102,6.448361,23.257069,17.189541,13.326555,6.830393,23.169811,17.045846,12.633397,6.326384,26.944562,20.331973,24.97754,,38.043108,,48.462519,44.689422
常用指标,毛利率,64.207095,64.260019,64.025105,60.879209,62.799312,64.304892,66.885836,64.244086,65.103222,64.896303,66.950861,62.455275,62.2934,62.099978,63.702218,61.006188,62.543435,62.763609,64.888703,66.98739,69.739048,70.858698,73.693686,72.225165,72.641792,73.312325,73.754621,72.74841,73.338132,72.795786,72.549221,67.231584,66.272604,64.624105,63.525135,60.950423,60.529859,60.123262,58.023526,55.324564,54.477264,53.559882,52.478379,63.546536,63.446764,63.331605,64.185726,69.018314,70.52358,70.740962,70.98324,79.129011,81.488186,83.152866,83.368601,82.535983,83.39116,83.725141,84.656384,82.920553,83.636411,84.468565,84.061804,81.732215,80.911394,81.699321,82.484466,78.575712,80.96198,75.183415,70.946228
常用指标,销售净利率,20.167096,20.756536,21.726023,3.232593,16.369288,20.390995,25.63752,16.195078,22.418521,23.201608,25.370009,21.157448,23.655057,24.31652,22.051946,16.702278,23.313727,27.84632,27.557234,23.350618,31.477184,27.938358,23.36017,22.112567,27.490292,29.560708,30.803019,19.742191,25.646933,28.541199,23.249852,21.898593,24.612203,25.016525,24.745663,21.532936,23.422476,24.363805,23.728743,21.525888,23.898091,24.281741,22.843579,27.102148,27.436548,27.815624,26.068692,28.133132,29.051936,30.795797,31.476893,39.700659,43.394775,46.734221,50.220343,51.438778,53.443391,56.129938,59.813099,53.323011,54.002621,54.719318,58.853496,51.726717,51.795039,52.789657,56.412268,51.073936,56.578435,50.07798,36.273023
常用指标,期间费用率,40.046251,39.092496,38.822787,49.941744,42.664518,39.42537,35.147235,42.667037,39.566723,38.554175,37.688813,36.062163,32.679346,31.754733,34.855426,36.93559,30.41606,27.377305,31.184891,42.895889,39.018862,35.407629,44.253089,45.942492,43.478005,42.551193,44.768509,47.185852,44.913583,41.861927,43.240873,39.27302,36.201788,33.011506,32.490076,33.797753,31.671301,30.365837,29.189775,29.219497,27.053248,25.01484,24.697149,30.63616,29.151224,28.648222,31.386621,34.544212,33.733575,33.0733,32.347313,31.697694,30.102141,27.938739,24.523385,22.959079,21.571463,18.782251,15.733611,21.372702,21.102906,20.67448,16.218448,23.703879,21.952108,21.570278,18.460185,27.121918,24.124778,27.055905,24.055179
常用指标,资产负债率,30.713733,31.387448,31.997857,31.874951,30.812186,31.054786,29.397052,30.072243,29.619981,30.328121,30.446167,33.138126,36.7933,40.97665,40.594864,40.70372,39.683117,42.553004,43.884177,41.964505,43.201332,48.46276,48.72257,49.737519,51.401734,53.112198,55.503201,56.408884,53.787838,52.922961,49.680318,45.059785,38.743729,37.305461,36.848481,36.70483,38.264147,33.881286,32.18915,30.935514,39.195471,30.449775,24.733516,14.030016,8.07176,7.480303,8.104594,7.474383,8.437212,6.148459,5.336164,4.791593,4.847324,5.425724,10.821102,4.146735,6.901006,7.501549,6.080633,7.205794,5.520828,5.46496,4.423045,5.347816,5.999298,21.521607,,16.087613,,14.971394,35.072313
每股指标,基本每股收益,0.5327,0.3748,0.2053,0.1336,0.4339,0.3766,0.2594,0.6757,0.7268,0.5163,0.3205,1.2228,1.0158,0.7117,0.3054,0.9596,1.072,0.963,0.4052,1.0141,1.1135,0.6445,0.217,0.9746,0.9105,0.6523,0.3288,0.684,0.6418,0.4545,0.1702,0.5053,0.4151,0.2788,0.1309,0.3913,0.3136,0.219,0.1015,0.3208,0.5118,0.1774,0.1582,0.5212,0.3922,0.2597,0.1152,0.4454,0.3383,0.2309,0.1144,0.4966,0.4004,0.2916,0.1793,0.5827,0.4467,0.3243,0.1747,0.5055,0.3749,0.2576,0.1337,0.3894,0.5906,0.4056,,0.5517,,0.4952,0.5227
每股指标,稀释每股收益,0.5327,0.3748,0.2053,0.1336,0.4339,0.3766,0.2585,0.6757,0.7257,0.5147,0.3177,1.2129,1.0051,0.7039,0.303,0.951,1.0542,0.9413,0.4052,1.0141,1.1135,0.643,0.217,0.9746,0.9105,0.6523,0.3288,0.684,0.6418,0.4545,0.1702,0.5053,0.4151,0.2788,0.1309,0.3913,0.3136,0.219,0.1015,0.3208,0.5118,0.1774,0.1582,0.5212,0.3922,0.2597,0.1152,0.4454,0.3383,0.2309,0.1144,0.4966,0.4004,0.2916,0.1793,0.5827,0.4467,0.3243,0.1747,0.5055,0.3749,0.2576,0.1337,0.3894,0.5906,0.4056,,0.5517,,0.4952,0.5227
每股指标,摊薄每股收益_最新股数,0.532741,0.374811,0.205349,0.133958,0.435422,0.378237,0.261403,0.682544,0.734297,0.521584,0.323817,1.194973,0.981938,0.687875,0.295863,0.932693,1.042188,0.936214,0.393913,0.977506,1.070327,0.618611,0.208237,0.935938,0.874574,0.626765,0.316143,0.661112,0.620291,0.439289,0.164471,0.487733,0.400483,0.268706,0.125839,0.36848,0.294842,0.20476,0.095943,0.282571,0.225464,0.156253,0.069679,0.229572,0.172756,0.114382,0.05074,0.196184,0.149025,0.101725,0.050414,0.218766,0.176377,0.128457,0.078983,0.256677,0.196787,0.14284,0.076968,0.222677,0.165124,0.113471,0.058899,0.158518,0.116933,0.080319,0.04176,0.109237,0.085748,0.081222,0.034501
每股指标,摊薄每股净资产_期末股数,8.411669,8.285679,8.189402,7.969045,8.285887,8.335723,8.594508,8.380976,8.488017,8.245593,8.299905,7.939685,7.277404,6.479046,6.472712,6.239152,6.376649,6.301655,5.890938,5.47096,5.570594,4.671585,4.383411,4.199906,4.188288,3.964023,3.843557,3.570633,3.810729,3.545108,3.466243,3.608821,3.453632,3.27984,3.231704,3.106328,2.70387,2.550561,5.052913,5.513857,4.246704,4.083404,4.026436,3.870153,3.742329,3.612125,3.597904,3.482233,3.374783,3.266471,3.329223,3.216936,3.11525,3.007153,2.896698,2.883653,2.746895,2.624426,2.719554,2.544697,2.402728,2.285465,4.575338,4.307913,4.09947,1.552828,,1.381993,,1.289965,2.310221
每股指标,调整每股净资产_期末股数,4.501475,4.400897,4.327955,4.105964,4.548349,4.661853,4.946829,4.867373,5.005083,4.937512,5.051024,4.720887,4.122571,3.222506,3.266534,3.070037,3.413531,3.503875,3.108185,2.689416,2.762662,1.866868,1.554917,1.36819,1.451072,1.727283,1.597261,1.320593,1.590022,1.357926,1.309727,1.450338,1.332507,1.161948,1.177024,1.486263,1.095048,1.110668,2.207919,2.674014,1.235884,2.094734,2.084541,2.675558,2.859942,2.736655,2.739931,2.633063,2.488841,2.828798,2.922075,2.879683,2.815308,2.71248,2.610731,2.597497,2.474382,2.358622,2.458135,2.290413,2.312142,2.19765,4.422332,4.155755,3.948606,1.38618,,1.220622,,1.2622,2.116164
每股指标,每股净资产_最新股数,8.581489,8.452952,8.354731,8.129925,8.453162,8.504004,8.768012,8.550169,8.659371,8.412052,8.467459,8.099966,7.473279,6.342651,6.336447,6.107799,6.24238,6.168965,5.766896,5.355761,5.453297,4.515113,4.236591,4.059233,4.048004,3.831251,3.714819,3.451037,3.683091,3.426367,3.350143,3.487945,3.337954,3.169984,3.12346,3.002283,2.557446,2.41244,2.38964,2.607631,1.870636,1.798703,1.77361,1.704768,1.648463,1.591109,1.584845,1.533893,1.486562,1.438852,1.466493,1.417032,1.37224,1.324625,1.27597,1.270224,1.209983,1.156036,1.197939,1.120917,1.05838,1.006727,1.007698,0.948799,0.90289,0.307466,,0.27364,,0.208246,0.062662
每股指标,每股经营现金流,0.538482,0.338381,0.222811,0.390641,0.224956,0.084486,0.075251,0.526616,0.321056,0.075348,-0.071361,1.483938,0.962313,0.652942,0.248772,1.696782,1.288527,1.182438,0.720034,1.157996,0.888243,0.638207,0.059137,1.117083,0.718912,0.394649,0.144117,0.8422,0.531622,0.299902,0.11213,0.512519,0.347338,0.215984,0.08905,0.388341,0.309241,0.200181,0.092345,0.500651,0.243318,0.113584,0.010232,0.428961,0.211605,0.095074,0.040483,0.406104,0.276237,0.151647,0.039607,0.326309,0.23982,0.130509,0.098103,0.358617,0.267269,0.180846,0.094334,0.460897,0.317447,0.210773,0.198029,0.590604,0.420281,0.334335,,0.516696,,0.206206,1.16635
每股指标,每股现金流量净额,-0.030435,-0.051349,0.020456,-0.25819,-0.481018,-0.340129,-0.100444,-0.643058,-0.385251,-0.295537,-0.073781,0.864216,0.778922,-0.21409,-0.085451,0.7164,0.559322,1.049422,0.539718,0.332252,0.517531,0.208976,0.084381,-0.115298,-0.124205,-0.240548,0.188828,-0.019366,0.127989,-0.137379,-0.565874,0.100797,-0.221947,-0.401805,-0.35449,0.018842,-0.553552,-0.590379,-1.119131,1.520366,0.204371,0.113772,-0.11252,-0.260373,-0.19957,-0.084835,0.017561,-0.497673,-0.58116,-0.361869,-0.106788,-0.009127,-0.015895,-0.076617,0.053664,-0.120593,-0.092003,-0.117298,0.025656,-0.067539,0.018734,-0.046146,0.072394,2.720899,2.644523,0.117015,,-0.055307,,0.437851,0.603922
每股指标,每股企业自由现金流量,,0.824253,,0.578559,,0.226961,,0.543789,,0.117348,,0.749465,,0.586831,,-0.863611,,-0.949877,,0.439314,,-0.073856,,1.081677,,0.313975,,1.141645,,0.574684,,0.439712,,0.461154,,0.33185,,0.508562,,-0.001098,,0.917451,,0.876274,,0.156603,,0.693557,,0.333769,,0.216853,,0.200046,,0.256469,,0.259873,,0.330246,,0.139193,,-2.334429,,0.26303,,0.303691,,-0.206142,-0.910399
每股指标,每股股东自由现金流量,,0.91752,,1.043395,,0.718422,,0.778589,,0.381323,,0.383961,,0.613632,,-1.148248,,-0.825385,,0.384502,,-0.148273,,0.780107,,0.277584,,2.603688,,1.658875,,1.232974,,0.321883,,0.959765,,0.628081,,1.12239,,1.686396,,1.165682,,0.156603,,0.664362,,0.304574,,0.216853,,0.200046,,0.256469,,0.259873,,0.2933,,0.102247,,-2.260537,,0.345222,,0.303911,,-0.206142,-0.910399
每股指标,每股未分配利润,5.278255,5.263439,5.216861,5.016668,5.393204,5.467415,5.677546,5.421373,5.519184,5.287572,5.416978,5.099568,4.988516,4.935793,4.804599,4.500153,4.676566,4.565282,4.237749,3.836525,3.944719,3.499309,3.255765,3.040311,3.010823,2.756974,2.58579,2.160544,2.152734,1.96546,1.808118,1.637946,1.570452,1.434108,1.38429,1.25409,1.223987,1.128747,2.187401,1.984528,2.044036,1.886915,1.830375,1.672189,1.579049,1.44653,1.432051,1.316859,1.246813,1.139433,1.202946,1.088496,1.038292,0.929504,0.817188,0.817881,0.694083,0.58212,0.695764,0.536558,0.416715,0.314702,0.681025,0.4136,0.25733,0.401318,,0.281751,,,1.089371
每股指标,每股资本公积金,2.00425,1.902377,1.890209,1.878959,1.875763,1.87077,1.840866,1.842309,1.848114,1.821541,1.745082,1.724482,1.347696,0.612111,0.603995,0.545114,0.549382,0.544882,0.532335,0.531524,0.556641,0.014194,0.00117,0.00117,0.03595,0.03595,0.050893,0.050893,0.243888,0.243875,0.243673,0.642323,0.642323,0.642323,0.642736,0.642323,0.275977,0.275977,1.574221,2.238388,0.932792,0.927053,0.927053,0.927053,0.927053,0.927053,0.927053,0.927053,0.927053,0.927053,0.927053,0.927053,0.925748,0.925748,0.925748,0.912011,0.911213,0.911213,0.905884,0.905761,0.89554,0.89554,2.791081,2.791081,2.771447,0.072877,,0.057688,,0.289965,0.099808
每股指标,每股盈余公积金,0.418964,0.418964,0.418964,0.418964,0.389523,0.389523,0.389523,0.389523,0.353101,0.353101,0.353101,0.353101,0.309121,0.324267,0.324267,0.324268,0.223062,0.223062,0.223062,0.223062,0.188126,0.190547,0.237624,0.237624,0.221003,0.221003,0.221003,0.221003,0.186577,0.186577,0.186577,0.186577,0.163798,0.163798,0.163798,0.163798,0.147016,0.147016,0.294032,0.294032,0.272644,0.272644,0.272644,0.272644,0.236801,0.236801,0.236801,0.236801,0.199788,0.199788,0.199788,0.199788,0.153761,0.153761,0.153761,0.153761,0.141597,0.131092,0.117904,0.102377,0.090471,0.075222,0.103231,0.103231,0.070691,0.078632,,0.042554,,,0.121041
每股指标,每股留存收益,5.697219,5.682403,5.635826,5.435632,5.782727,5.856938,6.067069,5.810896,5.872285,5.640674,5.770079,5.45267,5.297637,5.260061,5.128867,4.824421,4.899629,4.788344,4.460812,4.059588,4.132845,3.689856,3.493389,3.277935,3.231827,2.977978,2.806794,2.381548,2.339312,2.152037,1.994696,1.824524,1.734251,1.597907,1.548089,1.417888,1.371004,1.275764,2.481434,2.278561,2.316681,2.159559,2.10302,1.944834,1.81585,1.683332,1.668852,1.55366,1.446601,1.339221,1.402734,1.288284,1.192054,1.083266,0.97095,0.971642,0.835681,0.713212,0.813669,0.638936,0.507187,0.389924,0.784257,0.516831,0.328022,0.479951,,0.324305,,,1.210412
每股指标,每股营业收入,2.626118,1.791643,0.923227,3.245364,2.544637,1.799355,1.022023,4.243249,3.328296,2.287267,1.295963,5.64149,4.100237,2.955523,1.412571,5.90702,4.784825,3.61334,1.523506,4.454589,3.539383,2.378599,0.935426,4.375447,3.300125,2.200778,1.054153,3.567644,2.573161,1.658364,0.805891,2.546872,1.846796,1.225063,0.579025,1.946365,1.447903,0.961217,0.916202,3.175917,2.432225,1.640416,0.774749,2.054971,1.508035,0.975794,0.448458,1.605009,1.170168,0.745718,0.360613,1.251133,0.925523,0.624004,0.357042,1.132815,0.835923,0.577723,0.292132,0.9484,0.694732,0.471334,0.455245,1.392111,1.026769,0.769582,,1.079121,,1.004686,3.506763
每股指标,每股营业总收入,2.626118,1.791643,0.923227,3.245364,2.544637,1.799355,1.022023,4.243249,3.328296,2.287267,1.295963,5.64149,4.100237,2.955523,1.412571,5.90702,4.784825,3.61334,1.523506,4.454589,3.539383,2.378599,0.935426,4.375447,3.300125,2.200778,1.054153,3.567644,2.573161,1.658364,0.805891,2.546872,1.846796,1.225063,0.579025,1.946365,1.447903,0.961217,0.916202,3.175917,2.432225,1.640416,0.774749,2.054971,1.508035,0.975794,0.448458,1.605009,1.170168,0.745718,0.360613,1.251133,0.925523,0.624004,0.357042,1.132815,0.835923,0.577723,0.292132,0.9484,0.694732,0.471334,0.455245,1.392111,1.026769,0.769582,,1.079121,,1.004686,3.506763
每股指标,每股息税前利润,0.687572,0.487992,0.270996,0.216291,0.54828,0.469631,0.345323,0.917331,0.902578,0.655539,0.411795,1.489174,1.221934,0.901636,0.40117,1.315889,1.414644,1.266734,0.536989,1.369975,1.419307,0.865228,0.303242,1.338621,1.205423,0.867606,0.43531,0.982378,0.880164,0.620646,0.250326,0.733514,0.584193,0.392647,0.179956,0.542796,0.426909,0.295215,0.271587,0.85599,0.708936,0.486561,0.213623,0.662404,0.480621,0.323551,0.136086,0.532518,0.385922,0.271299,0.128559,0.590923,0.445549,0.323977,0.201723,0.668722,0.489284,0.371782,0.192546,0.582372,0.411471,0.297028,0.296545,0.817765,0.597807,0.458631,,0.552779,,0.512472,1.590114
盈利能力,净资产收益率(ROE),6.25,4.43,2.46,1.59,5.01,4.47,2.98,8.23,8.84,6.39,3.86,17.61,15.04,10.69,4.68,16.0,17.7,15.93,7.08,21.12,23.4,14.13,4.97,25.03,23.35,16.93,8.88,19.13,17.65,12.63,4.55,15.17,12.65,8.66,4.11,14.7,11.79,8.03,3.61,15.62,12.57,8.81,4.01,14.21,10.83,7.23,3.18,13.24,10.21,6.98,3.49,16.42,13.36,9.78,6.01,21.81,17.45,12.36,6.64,21.66,,11.39,6.02,35.0,,26.73,,45.44,,59.27,75.84
盈利能力,摊薄净资产收益率,6.208026,4.434088,2.457878,1.647715,5.150998,4.447761,2.981336,7.98282,8.479798,6.200444,3.824259,14.752817,13.13933,10.845239,4.669232,15.27054,16.695376,15.176198,6.830592,18.2515,19.627155,13.700911,4.915219,23.057032,21.605087,16.359281,8.510337,19.156929,16.841593,12.820858,4.909398,13.983388,11.997873,8.476594,4.028852,12.273341,11.528794,8.487683,4.014971,10.836313,12.052805,8.687007,3.928684,13.466472,10.479831,7.188876,3.201632,12.789956,10.024848,7.069919,3.437723,15.44,12.853267,9.7,6.190074,20.207227,16.263654,12.356075,6.425075,19.865645,16.41,11.271326,6.02,16.707261,12.95,26.12,,39.92,,39.0,55.06
盈利能力,净资产收益率_平均,6.375775,4.520462,2.491397,1.606202,5.121611,4.435721,3.018838,8.198397,8.762556,6.317426,3.908958,16.82141,14.460396,11.049812,4.755024,16.272324,17.971652,16.247056,7.083076,20.764892,22.503519,14.429359,5.020302,24.924235,23.324978,17.213412,8.823611,19.055033,17.299904,12.706676,4.810463,15.029762,12.633076,8.706902,4.108549,13.136759,11.416777,8.157663,3.83983,13.105051,12.61195,8.919923,4.006438,14.176976,10.857122,7.320498,3.253939,13.296458,10.264906,7.123935,3.496691,16.281768,13.349488,9.900981,6.204044,21.469004,16.885108,12.546655,6.638489,21.517676,16.453404,11.605217,6.020895,25.934756,19.877757,27.643637,,45.337415,,59.96312,55.060052
盈利能力,净资产收益率_平均_扣除非经常损益,6.108644,4.332492,2.220542,1.44029,4.684004,4.117027,2.859478,7.318194,8.324488,5.945455,3.683072,16.360763,14.417835,11.010448,4.770845,17.555848,19.504763,16.170131,6.657935,16.281699,18.210743,14.102264,4.911362,17.924667,19.226261,13.700178,6.303106,16.412485,14.832127,10.516385,4.727881,14.259311,11.940037,8.619508,4.052285,12.827879,11.193988,8.016533,3.743409,12.807301,12.081928,8.483292,3.928518,13.629883,10.672104,7.184406,3.23409,12.970833,10.159792,7.042368,3.446996,15.823026,13.140721,9.725284,6.050368,21.252787,16.809361,12.50387,6.601708,21.357452,16.383301,11.611924,6.029891,25.620478,19.47656,27.620881,,44.613262,,55.838098,54.77942
盈利能力,摊薄净资产收益率_扣除非经常损益,5.947923,4.249709,2.190667,1.477515,4.71088,4.128202,2.823955,7.125761,8.055866,5.835361,3.603267,14.348817,13.100658,10.806603,4.684768,16.475045,18.119611,15.104342,6.420605,14.310954,15.883074,13.390329,4.808559,16.581837,17.808593,13.020374,6.07932,16.500251,14.439192,10.610885,4.825118,13.266577,11.33968,8.391511,3.97368,11.984762,11.303818,8.340843,3.914153,10.590109,11.546282,8.261777,3.852277,12.946797,10.301242,7.05523,3.182103,12.476734,9.922192,6.98897,3.388866,15.0,12.652261,9.53,6.036744,20.003717,16.190695,12.31394,6.389476,19.717724,16.34,11.27784,6.03,16.504803,12.69,26.06,,39.32,,36.32,54.78
盈利能力,息税前利润率,26.182073,27.237158,29.353194,6.664635,21.546517,26.099984,33.788227,21.618606,27.118339,28.660394,31.775253,26.396833,29.801559,30.506835,28.400017,22.276709,29.565233,35.057165,35.246974,30.754244,40.100423,36.375523,32.417533,30.593942,36.5266,39.422728,41.294782,27.535758,34.205576,37.425205,31.062062,28.800584,31.632797,32.051181,31.079148,27.887669,29.484639,30.712712,29.642744,26.952542,29.147631,29.660833,27.57323,32.234224,31.870675,33.157761,30.345412,33.178517,32.980037,36.380885,35.650373,47.231097,48.140259,51.919056,56.498611,59.031932,58.532205,64.352892,65.91067,61.405802,59.22739,63.018697,65.139778,58.742779,58.222222,59.594857,63.719641,51.224912,55.629056,51.008187,45.34422
盈利能力,总资产报酬率,5.153235,3.675895,2.046478,1.640314,4.12205,3.510398,2.570387,6.969249,6.85917,5.03964,3.158036,12.396589,10.451227,7.672014,3.440009,12.22291,13.124679,11.53966,5.056227,14.507057,14.742649,9.144783,3.335932,15.367214,13.70344,10.091019,5.003776,12.544838,11.128133,8.25789,3.485825,11.725429,10.148483,7.095306,3.30312,11.225247,9.271719,6.822429,3.191496,12.910917,11.126808,8.622083,3.990363,15.460138,11.961005,8.234554,3.46311,14.711552,10.822041,7.889661,3.718857,18.479821,14.144947,10.47102,6.448361,23.257069,17.189541,13.326555,6.830393,23.169811,17.045846,12.633397,6.326384,26.944562,20.331973,24.97754,,38.043108,,48.462519,44.689422
盈利能力,总资本回报率,6.098233,4.343009,2.423442,1.963669,4.90284,4.186843,3.099188,8.637553,8.467036,6.206441,3.922083,15.834051,13.260011,9.926793,4.431985,15.166075,16.067192,14.291659,6.214704,17.666001,17.860551,11.414542,4.179344,18.952158,16.664968,12.158876,6.169503,15.321452,13.802502,9.99638,4.244951,14.528381,12.624579,9.241141,4.263762,14.59213,12.441666,8.736895,4.424685,16.410077,15.015699,10.996429,4.926896,17.336348,13.305196,9.121373,3.844174,15.898041,11.709299,8.369026,3.915853,19.37268,14.854366,10.999425,6.979639,24.638159,18.492888,14.384722,7.315241,24.595521,17.914881,13.270975,6.621436,29.080038,22.076459,30.403026,,45.426639,,61.076946,68.82953
盈利能力,投入资本回报率,5.262239,3.688894,2.012756,2.065903,4.42615,3.718547,2.501033,7.15385,7.372982,5.278196,3.243181,13.521765,11.280961,8.346345,3.610934,12.440061,13.180613,11.502497,4.990929,14.797826,15.241875,9.550912,3.565543,16.266633,14.39134,10.367457,5.300433,13.087315,11.781709,8.359866,3.317516,11.233511,9.78041,7.161072,3.311909,11.397696,9.694189,6.892598,3.493071,12.450729,11.456069,8.446143,3.687943,13.679839,10.517145,7.320498,3.12979,13.312841,9.772013,7.140863,3.295357,16.281768,12.4414,9.252923,5.877209,21.469004,16.012935,12.546655,6.350999,21.362229,15.471225,11.522581,5.719343,25.645649,19.475977,26.890548,,45.350952,,60.840867,55.060052
盈利能力,息前税后总资产报酬率_平均,4.502349,3.156068,1.694351,1.525519,3.644085,3.089009,2.117393,5.910225,6.173561,4.435303,2.698699,10.771656,9.008658,6.586799,2.882248,10.340381,11.239122,9.741523,4.224884,12.592711,12.796639,7.910592,2.879694,13.179918,11.860354,8.628456,4.271459,10.974904,9.728354,7.156175,2.609128,9.914955,7.896125,6.012332,2.629991,9.550822,7.365415,5.791435,2.554763,11.095165,9.12285,7.394997,3.305894,13.034165,10.296885,6.907862,2.975038,12.489558,9.533077,6.694422,3.283502,15.533433,12.750592,9.425344,5.731803,20.265561,15.695075,11.623699,6.198496,20.131697,15.54214,10.982132,5.715859,23.774218,18.087515,22.125328,,37.94232,,48.275199,35.749218
盈利能力,毛利率,64.207095,64.260019,64.025105,60.879209,62.799312,64.304892,66.885836,64.244086,65.103222,64.896303,66.950861,62.455275,62.2934,62.099978,63.702218,61.006188,62.543435,62.763609,64.888703,66.98739,69.739048,70.858698,73.693686,72.225165,72.641792,73.312325,73.754621,72.74841,73.338132,72.795786,72.549221,67.231584,66.272604,64.624105,63.525135,60.950423,60.529859,60.123262,58.023526,55.324564,54.477264,53.559882,52.478379,63.546536,63.446764,63.331605,64.185726,69.018314,70.52358,70.740962,70.98324,79.129011,81.488186,83.152866,83.368601,82.535983,83.39116,83.725141,84.656384,82.920553,83.636411,84.468565,84.061804,81.732215,80.911394,81.699321,82.484466,78.575712,80.96198,75.183415,70.946228
盈利能力,销售净利率,20.167096,20.756536,21.726023,3.232593,16.369288,20.390995,25.63752,16.195078,22.418521,23.201608,25.370009,21.157448,23.655057,24.31652,22.051946,16.702278,23.313727,27.84632,27.557234,23.350618,31.477184,27.938358,23.36017,22.112567,27.490292,29.560708,30.803019,19.742191,25.646933,28.541199,23.249852,21.898593,24.612203,25.016525,24.745663,21.532936,23.422476,24.363805,23.728743,21.525888,23.898091,24.281741,22.843579,27.102148,27.436548,27.815624,26.068692,28.133132,29.051936,30.795797,31.476893,39.700659,43.394775,46.734221,50.220343,51.438778,53.443391,56.129938,59.813099,53.323011,54.002621,54.719318,58.853496,51.726717,51.795039,52.789657,56.412268,51.073936,56.578435,50.07798,36.273023
盈利能力,成本费用利润率,30.952419,32.884487,35.798815,4.153274,23.624401,31.315082,46.281231,24.839884,33.746921,36.165131,42.398356,33.444588,39.451806,41.105229,37.463824,26.51576,40.607266,51.551009,50.308364,36.107861,53.075179,50.88797,39.390562,35.903586,45.743622,50.946127,51.886516,31.151226,41.843345,48.55379,39.470535,36.570024,42.276081,43.734038,42.665683,35.269416,39.414946,41.292704,39.884177,34.260009,38.517071,39.889521,37.873073,47.936289,49.745545,50.764665,46.614597,50.582026,54.371628,58.24793,60.925784,89.846454,105.079301,122.757442,143.711751,146.03516,160.534972,183.565882,220.421766,159.613382,165.579996,173.883917,210.276073,139.709721,142.703615,149.469342,177.627166,105.486403,131.829747,96.920622,85.37962
盈利能力,营业利润率,23.820997,24.935564,26.980716,4.147601,19.031438,23.699606,31.696777,19.388905,24.467603,25.891056,28.715015,24.724567,27.769865,28.714404,26.853292,20.118722,27.665319,33.222985,33.276875,26.735496,36.453447,32.455437,27.4151,25.158672,31.183465,33.891601,36.484955,22.693112,28.895511,32.801817,27.633109,25.469374,28.065228,29.601933,28.900257,24.921497,27.336179,28.3058,27.412991,24.705855,26.540838,26.861671,26.588012,30.975243,32.152711,32.558983,31.139042,32.301052,34.017256,35.890152,36.854653,45.915301,50.288131,54.003656,57.680766,58.425097,61.011296,64.12691,68.110765,60.946051,61.763836,62.987456,67.710551,57.940909,58.461648,59.461483,63.658504,50.907641,56.937647,50.00377,45.591171
盈利能力,总资产净利率_平均,3.913789,2.767465,1.520043,0.995808,3.208787,2.771303,1.907235,5.08289,5.469886,3.930476,2.434197,9.750677,8.178414,5.978993,2.591566,8.849832,9.877113,8.712144,3.788814,10.573742,11.356847,6.764824,2.370187,11.116812,10.286853,7.542451,3.759925,8.734893,8.114275,6.047439,2.369659,8.06674,7.198217,5.02392,2.389851,7.884414,6.77009,5.002929,2.384013,9.012084,8.033479,6.285897,2.954824,12.163885,9.760253,6.608768,2.931383,12.304128,9.487096,6.715887,3.310685,15.531366,12.71194,9.425344,5.731803,20.265561,15.695075,11.623699,6.198496,20.112233,15.529351,10.956485,5.705146,23.714541,18.057236,22.091872,,37.968386,,47.578736,35.749218
盈利能力,总资产净利率_平均(含少数股东损益),3.969349,2.801278,1.514719,0.795613,3.131598,2.742549,1.950335,5.220851,5.670423,4.079767,2.52144,9.936048,8.295686,6.115242,2.671086,9.1643,10.349493,9.166089,3.953123,11.014699,11.572373,7.023685,2.403882,11.107054,10.313349,7.566642,3.732467,8.994217,8.343741,6.297629,2.609128,8.915458,7.896125,5.538014,2.629991,8.667362,7.365415,5.412102,2.554763,10.311419,9.12285,7.058439,3.305894,12.998699,10.296885,6.907862,2.975038,12.474398,9.533077,6.678463,3.283502,15.533433,12.750592,9.425344,5.731803,20.265561,15.695075,11.623699,6.198496,20.119989,15.54214,10.969616,5.715859,23.726384,18.087515,22.125328,,37.930983,,47.578736,35.749218
成长能力,归母净利润,982053022.16,690925899.89,378539846.83,246937715.5,802655886.18,697242271.91,481871134.58,1258200337.67,1353600791.72,961487273.99,596924222.49,2203779374.63,1810102684.93,1268027645.71,545393656.31,1719324578.02,1921167226.63,1725814351.46,726138208.52,1801932532.92,1973037244.82,1140346570.28,383864743.91,1725306191.17,1612188346.57,1155376682.27,582778157.82,1218692899.2,1143442819.75,809785040.72,303186876.5,899085330.05,738250050.57,495332930.62,231972260.2,679255737.63,543512050.03,377454382.25,176861680.42,520890606.57,415619790.19,288037210.87,128447025.71,423192551.24,318458173.63,210853054.8,93535659.02,361645473.04,274713360.75,187520757.01,92932997.01,403273290.0,325134179.67,236798589.04,145597946.2,473157671.92,362757455.62,263312170.38,141883513.5,410482721.72,304390281.04,209173070.85,108574809.13,292212135.6,215465572.07,148038590.89,76981103.05,201368062.33,158068206.69,149725515.22,63600462.74
成长能力,营业总收入,4938709224.18,3369384556.21,1736231253.08,6103269105.88,4785471627.57,3383886554.54,1922028839.15,7979899319.74,6259227849.28,4301457705.65,2437202386.92,10609442080.61,7761799196.45,5333506938.54,2549111243.52,10659734875.07,8634605321.07,6520565288.78,2749291118.03,8038667540.97,6387105311.18,4237839211.58,1666605604.4,7795529386.34,5879678426.64,3921023274.17,1878134846.7,6356304792.21,4584480042.44,2954630020.05,1435819242.16,4537642656.24,3290350199.68,2182637167.48,1031621618.79,3467748233.68,2524522143.75,1675949656.56,798731779.85,2768717463.81,1974967121.78,1332018311.95,629096324.52,1668636955.67,1224525102.76,792344899.5,364147971.18,1303267831.76,950177028.95,605523557.11,292817845.69,1015920079.79,751525453.42,506692053.75,289918261.67,919846240.19,678769523.57,469111811.32,237211439.37,770100945.78,564122526.89,382723591.49,184829598.3,565197407.7,416868266.66,280897706.9,136524424.59,393879358.73,279378893.67,298984733.77,175338190.46
成长能力,净利润,995994270.25,699367534.19,377214013.29,197293867.05,783347652.61,690008144.19,492760543.46,1292350950.38,1403226364.02,998007394.11,618318467.79,2246055494.1,1836058042.02,1296923306.6,562128635.52,1780418647.43,2013048383.07,1815737536.27,757628602.26,1877078567.19,2010480898.46,1183982731.36,389321914.57,1723791719.88,1616340810.23,1159082273.52,578522241.75,1254873878.37,1175778540.51,843286861.26,333825861.62,993679922.3,809827670.98,546019974.8,255281610.78,746708040.37,591305609.33,408325118.0,189529013.84,595991039.11,471979446.75,323437243.17,143708121.07,452236468.62,335967428.43,220395681.98,94928616.25,366650068.31,276044822.36,186475808.12,92169960.38,403326975.54,326122782.92,236798589.04,145597946.2,473157671.92,362757455.62,263312170.38,141883513.5,410641019.59,304640950.65,209423740.46,108778681.13,292358067.85,215827017.51,148262819.27,77016525.13,201169694.65,158068206.69,149725515.22,63600462.74
成长能力,扣非净利润,940907198.82,662195779.67,337386464.42,221430404.42,734074379.16,647147330.31,456433815.92,1123116336.93,1285930081.17,904874709.56,562429846.3,2142486458.55,1804775009.94,1263510359.96,547208342.77,1854940941.11,2085056587.68,1717643097.8,682553832.11,1412890674.82,1596660185.83,1114496357.21,375534946.55,1240781861.24,1328891038.86,919565847.5,416304892.9,1049684868.9,980334256.25,670199797.16,297982043.24,852996743.1,697750282.17,490361121.01,228795581.59,663284610.68,532905821.67,370924299.21,172420578.71,509055841.73,398153208.57,273937748.82,125948904.12,406861432.65,313031263.79,206933172.0,92965112.36,352788900.2,271900260.11,185373697.37,91612227.22,391910969.71,320049555.02,232596512.07,141991448.3,468392436.91,361130112.63,262414258.3,141097401.82,407426200.0,303093376.0,209293957.6,108737032.9,288671100.0,211205032.76,147938824.02,,198151707.96,,139425500.87,63276302.24
成长能力,营业总收入增长率,3.202141,-0.42856,-9.666742,-23.516966,-23.545335,-21.331632,-21.137905,-24.784929,-19.358544,-19.350293,-4.390112,-0.471801,-10.108234,-18.204838,-7.281145,32.605743,35.188084,53.86533,64.96351,3.118943,8.63018,8.07993,-11.262729,22.642472,28.251805,32.707758,30.8058,40.079448,39.331067,35.369729,39.180801,30.852713,30.335565,30.232859,29.157452,25.247457,27.826033,25.820316,26.964941,65.926893,61.284331,68.110921,72.758431,28.034845,28.873364,30.852861,24.359896,28.284483,26.433113,19.50524,1.000138,10.444554,10.718797,8.010935,22.219342,19.444891,20.323066,22.571961,28.340612,36.253446,35.323931,36.250165,35.382074,43.495056,49.212512,,,31.738953,,70.518888,
成长能力,归属母公司净利润增长率,22.350441,-0.905907,-21.443759,-80.373736,-40.70217,-27.482943,-19.27432,-42.907155,-25.219668,-24.174581,9.448325,28.120624,-5.781097,-26.525837,-24.891205,-4.584408,-2.628942,51.341214,89.165121,4.441318,22.382552,-1.300884,-34.131926,41.570217,40.994225,42.67696,92.217474,35.548079,54.885572,63.48298,30.699625,32.363302,35.829564,31.229879,31.160271,30.402761,30.771455,31.043617,37.692312,23.085958,30.510008,36.605661,37.324125,17.018622,15.923802,12.442514,0.64849,-10.322483,-15.507695,-20.810019,-36.171491,-14.769787,-10.371468,-10.069257,2.617945,15.268596,19.175111,25.882442,30.678114,40.474221,41.270959,41.296313,41.040859,45.113446,36.368749,,,34.49148,,135.415763,
收益质量,经营活动净现金/销售收入,0.205048,0.188866,0.24134,0.120368,0.088404,0.046953,0.073629,0.124106,0.096462,0.032942,-0.055064,0.26304,0.234696,0.220922,0.176113,0.287248,0.269294,0.327242,0.472616,0.259955,0.25096,0.268312,0.06322,0.255307,0.217843,0.179322,0.136714,0.236066,0.206602,0.180842,0.139138,0.201235,0.188076,0.176304,0.153794,0.199521,0.213578,0.208258,0.100791,0.15764,0.100039,0.069241,0.013207,0.208743,0.140318,0.097432,0.090271,0.253023,0.236066,0.203357,0.109833,0.26081,0.259118,0.209148,0.274766,0.316572,0.319729,0.313033,0.322918,0.485973,0.456935,0.447183,0.434995,0.42425,0.409323,0.434437,0.525093,0.478812,0.453818,0.205244,0.3326
收益质量,经营性现金净流量/营业总收入,0.205048,0.188866,0.24134,0.120368,0.088404,0.046953,0.073629,0.124106,0.096462,0.032942,-0.055064,0.26304,0.234696,0.220922,0.176113,0.287248,0.269294,0.327242,0.472616,0.259955,0.25096,0.268312,0.06322,0.255307,0.217843,0.179322,0.136714,0.236066,0.206602,0.180842,0.139138,0.201235,0.188076,0.176304,0.153794,0.199521,0.213578,0.208258,0.100791,0.15764,0.100039,0.069241,0.013207,0.208743,0.140318,0.097432,0.090271,0.253023,0.236066,0.203357,0.109833,0.26081,0.259118,0.209148,0.274766,0.316572,0.319729,0.313033,0.322918,0.485973,0.456935,0.447183,0.434995,0.42425,0.409323,0.434437,0.525093,0.478812,0.453818,0.205244,0.3326
收益质量,成本费用率,75.839156,74.832477,74.797682,89.062534,79.865205,75.120478,68.261398,78.42295,74.4635,73.657871,70.737951,73.606887,70.385946,69.654754,71.153207,75.929402,67.872624,64.613696,66.296188,75.908498,69.279814,64.548931,70.559403,73.717326,70.836212,69.238868,71.013888,74.437442,71.575451,69.066141,70.691652,72.041435,69.929183,68.3874,68.96494,72.847329,71.141441,70.242574,71.166249,73.894933,72.575983,71.454957,72.21877,67.089623,65.70446,65.316616,67.200895,65.525898,63.209994,62.332338,61.364073,52.568683,48.613954,44.785872,41.154784,40.423095,38.180303,35.057109,31.077226,38.452148,37.466494,36.205915,32.156643,41.971664,41.040713,39.870956,35.975718,48.546206,43.162797,51.872489,53.10895
收益质量,期间费用率,40.046251,39.092496,38.822787,49.941744,42.664518,39.42537,35.147235,42.667037,39.566723,38.554175,37.688813,36.062163,32.679346,31.754733,34.855426,36.93559,30.41606,27.377305,31.184891,42.895889,39.018862,35.407629,44.253089,45.942492,43.478005,42.551193,44.768509,47.185852,44.913583,41.861927,43.240873,39.27302,36.201788,33.011506,32.490076,33.797753,31.671301,30.365837,29.189775,29.219497,27.053248,25.01484,24.697149,30.63616,29.151224,28.648222,31.386621,34.544212,33.733575,33.0733,32.347313,31.697694,30.102141,27.938739,24.523385,22.959079,21.571463,18.782251,15.733611,21.372702,21.102906,20.67448,16.218448,23.703879,21.952108,21.570278,18.460185,27.121918,24.124778,27.055905,24.055179
收益质量,销售成本率,35.792904,35.73998,35.974894,39.12079,37.200687,35.695107,33.114163,35.755913,34.896777,35.103696,33.049138,37.544724,37.706599,37.900021,36.297781,38.993811,37.456564,37.23639,35.111296,33.012609,30.260951,29.141301,26.306313,27.774834,27.358207,26.687674,26.245378,27.251589,26.661867,27.204213,27.450778,32.768415,33.727395,35.375894,36.474864,39.049576,39.47014,39.876737,41.976473,44.675435,45.522735,46.440117,47.52162,36.453463,36.553235,36.668394,35.814273,30.981685,29.476419,29.259037,29.016759,20.870988,18.511813,16.847133,16.631398,17.464016,16.608839,16.274858,15.343615,17.079446,16.363588,15.531434,15.938195,18.267784,19.088605,18.300678,17.515533,21.424287,19.038019,24.816584,29.053771
收益质量,经营活动净现金/归属母公司的净利润,1.031183,0.921031,1.106943,2.975016,0.527069,0.227877,0.293684,0.787124,0.446056,0.147377,-0.224824,1.266886,1.00639,0.929232,0.823135,1.780927,1.210333,1.236405,1.789411,1.159698,0.812406,0.997121,0.27448,1.153566,0.79448,0.60857,0.440593,1.231244,0.828345,0.659832,0.658925,1.015623,0.838247,0.77687,0.683952,1.0186,0.992037,0.924697,0.455189,0.837912,0.475373,0.320204,0.064685,0.823069,0.539547,0.366132,0.351441,0.911824,0.816504,0.65666,0.346067,0.65703,0.598935,0.447527,0.547121,0.615434,0.598257,0.557693,0.539878,0.911728,0.846832,0.818211,0.740503,0.820586,0.791601,0.824206,0.931243,0.936565,0.802105,0.40985,0.916935
收益质量,所得税/利润总额,14.087711,15.652214,18.862157,12.609274,13.241631,13.31848,18.848615,16.863773,10.786749,12.901859,15.40998,14.055323,14.813424,15.071473,17.274322,17.041352,15.41111,16.40004,17.375875,14.806547,14.395284,14.945615,15.951701,16.452825,15.161403,16.19813,16.402077,14.860954,14.366253,14.889351,16.674282,16.87941,16.747495,16.356671,15.900768,16.190865,16.468704,16.001528,16.401204,14.97259,14.509663,14.809996,16.481338,15.727873,16.057783,16.111272,16.781044,15.119312,15.46881,15.180143,15.80689,15.943812,15.050795,14.994671,15.088392,12.86279,12.806325,12.777909,12.682845,13.119009,12.950974,13.083599,12.961439,11.787099,11.562127,11.419105,11.72155,0.265009,0.567599,0.392161,20.005189
财务风险,流动比率,1.892816,1.793282,1.817203,2.335269,3.323323,2.743987,2.619214,2.481056,2.720028,2.497686,2.510697,2.019213,2.937585,2.33988,2.395459,2.444935,2.456457,2.269513,1.434903,1.366743,1.546641,1.398947,1.274992,1.102509,1.346608,1.282201,1.248174,1.125583,1.219561,1.318557,1.211009,1.603725,1.673776,1.6026,1.665857,2.035511,1.368966,1.836355,1.62775,1.904955,1.215137,1.504181,1.802633,3.316112,7.117553,7.9765,7.431235,7.906419,7.455157,11.262759,14.156533,15.521238,15.143815,13.335803,6.654497,18.319749,10.696083,9.734815,12.848169,10.478323,15.373898,15.625062,20.473568,15.856754,14.302405,2.716437,,3.660518,,5.218512,2.389963
财务风险,速动比率,1.479088,1.400342,1.418202,1.773274,2.479819,2.069269,2.014956,1.871936,2.068863,1.890452,1.944741,1.593429,2.295386,1.702395,1.81248,1.863079,1.885081,1.803622,1.15256,1.070864,1.270111,1.128588,1.049328,0.905889,1.137134,1.086322,1.09024,0.970597,1.06935,1.145011,1.029623,1.385385,1.408991,1.325986,1.389373,1.753424,1.127201,1.519152,1.350711,1.646024,0.972128,1.214814,1.429164,2.833338,6.163762,6.972824,6.490942,6.898032,6.559671,9.941447,12.838694,14.26426,13.839957,12.290092,6.222796,17.02094,9.93017,9.034716,12.060603,9.800426,14.426059,14.676164,19.398713,15.024082,13.630097,2.263149,,3.090663,,4.53635,1.958218
财务风险,保守速动比率,1.21984,1.138185,1.22028,1.561302,2.189969,1.851497,1.804542,1.685078,1.841615,1.69518,1.750761,1.456133,2.063192,1.464011,1.554838,1.65423,1.647901,1.606877,0.996736,0.949585,1.119544,0.972726,0.915274,0.814926,0.964614,0.919325,0.933835,0.854795,0.91478,0.982271,0.864958,1.240345,1.210705,1.14269,1.206198,1.573991,0.948246,1.28284,1.203065,1.550738,0.858898,1.110942,1.269013,2.608258,5.58173,6.403515,5.9527,6.347492,5.621928,8.877974,11.516009,12.965132,13.027031,11.472814,5.761695,15.722304,9.342426,8.53774,11.225687,9.209242,13.745389,14.157237,18.728467,14.605582,13.198317,2.022834,,2.646764,,3.955468,1.262671
财务风险,资产负债率,30.713733,31.387448,31.997857,31.874951,30.812186,31.054786,29.397052,30.072243,29.619981,30.328121,30.446167,33.138126,36.7933,40.97665,40.594864,40.70372,39.683117,42.553004,43.884177,41.964505,43.201332,48.46276,48.72257,49.737519,51.401734,53.112198,55.503201,56.408884,53.787838,52.922961,49.680318,45.059785,38.743729,37.305461,36.848481,36.70483,38.264147,33.881286,32.18915,30.935514,39.195471,30.449775,24.733516,14.030016,8.07176,7.480303,8.104594,7.474383,8.437212,6.148459,5.336164,4.791593,4.847324,5.425724,10.821102,4.146735,6.901006,7.501549,6.080633,7.205794,5.520828,5.46496,4.423045,5.347816,5.999298,21.521607,,16.087613,,14.971394,35.072313
财务风险,权益乘数,1.629054,1.63343,1.63903,1.612963,1.59612,1.60059,1.582834,1.61294,1.601963,1.607292,1.605851,1.725153,1.768117,1.848105,1.834806,1.838715,1.819524,1.864874,1.86947,1.963816,1.981493,2.132998,2.118103,2.24203,2.267455,2.282203,2.346751,2.181484,2.132033,2.101166,2.030022,1.863176,1.755028,1.733089,1.719165,1.666168,1.686355,1.630577,1.610657,1.454164,1.569923,1.419037,1.355897,1.165497,1.112381,1.107694,1.110035,1.08065,1.081986,1.060758,1.056183,1.048315,1.050153,1.050463,1.082389,1.059383,1.075822,1.079402,1.070983,1.06988,1.059503,1.059209,1.055344,1.093622,1.100819,1.251303,,1.194083,,1.260292,1.540174
财务风险,权益乘数(含少数股权的净资产),1.443287,1.457459,1.470541,1.467888,1.445341,1.450427,1.416371,1.430047,1.420857,1.435299,1.437735,1.49562,1.58211,1.694244,1.683356,1.686446,1.65791,1.740735,1.782028,1.723083,1.760604,1.940344,1.950175,1.989555,2.057686,2.13275,2.247352,2.294045,2.163932,2.124177,1.987293,1.82016,1.632485,1.595035,1.583493,1.579899,1.619804,1.512431,1.47469,1.447922,1.644614,1.437809,1.328612,1.163196,1.087805,1.08085,1.088193,1.080781,1.092146,1.065512,1.056369,1.050327,1.050942,1.057369,1.121341,1.043261,1.074125,1.081099,1.064743,1.077653,1.058434,1.057808,1.046277,1.056499,1.063821,1.274236,,1.191719,,1.176074,1.540174
财务风险,产权比率,49.725646,51.08105,52.425773,52.264189,49.446295,50.112382,46.394792,47.74195,46.404117,47.79933,47.905725,54.338663,62.941588,76.112363,74.343334,74.829513,71.538574,80.308907,83.278722,77.176134,80.879241,103.571635,102.719109,105.860999,111.807885,116.740117,128.75985,134.010314,121.946523,117.225085,102.957031,89.638724,69.334881,65.235671,63.438856,63.008161,67.580744,56.069864,51.936145,49.746877,74.07861,48.990199,36.79708,17.098781,9.024275,8.295691,9.025398,8.269181,9.363311,6.569945,5.653181,5.044808,5.121359,5.736998,12.13415,4.326128,7.412546,8.109919,6.474312,7.765349,5.843434,5.780883,4.645548,5.672409,6.409652,27.763553,,19.430428,,17.60748,54.017499
财务风险,现金比率,0.785581,0.739654,0.825038,1.105279,1.42834,1.205908,1.198834,1.196161,1.359238,1.271276,1.300214,1.079115,1.552172,0.962996,1.033114,1.139607,1.025259,1.064486,0.594629,0.510111,0.612885,0.46775,0.433177,0.384302,0.425529,0.37629,0.485938,0.438025,0.489693,0.482775,0.3355,0.704026,0.585656,0.489433,0.561215,0.938309,0.384585,0.51554,0.489749,0.931052,0.314712,0.389024,0.350918,0.979623,2.155996,2.786242,2.895927,3.226703,2.767202,5.045919,7.276171,9.222042,9.292546,8.159668,4.228446,12.22781,7.38303,6.884288,9.457745,8.081778,12.285559,12.591694,16.903393,13.3673,12.124607,1.35525,,1.750638,,2.862964,1.028853
营运能力,应收账款周转率,2.723476,1.919775,1.024978,3.717178,2.620723,1.76809,0.990012,4.358468,3.421519,2.431741,1.304221,5.944078,4.682521,3.117088,1.456531,5.667712,4.119345,3.035097,1.249009,3.76784,2.841179,1.852072,0.748671,3.769547,2.757188,1.849968,0.92169,3.529533,2.481823,1.65752,0.830389,3.182729,2.366688,1.607523,0.794319,2.887396,2.073413,1.404268,0.657786,2.769054,2.022234,1.395503,0.672425,2.290826,1.665634,1.106738,0.534714,2.442811,1.803119,1.183562,0.586755,2.824178,2.097591,1.456185,0.841369,4.070231,3.111134,2.302306,1.268636,5.697472,4.50733,3.080131,1.5654,6.048074,4.683224,3.265163,,5.386713,,7.2706,14.311953
营运能力,应收账款周转天数,99.137986,93.760962,87.806742,96.847643,103.024973,101.804736,90.907965,82.597829,78.912312,74.021029,69.006665,60.564479,57.661238,57.746197,61.79064,63.517684,65.544392,59.306171,72.057103,95.545446,95.030942,97.188437,120.212948,95.502176,97.925835,97.298951,97.646687,101.996471,108.790975,108.595923,108.382823,113.110447,114.083442,111.973458,113.304474,124.679795,130.220024,128.18059,136.822517,130.00828,133.515666,128.985729,133.843892,157.148547,162.100428,162.639982,168.314207,147.371148,149.740466,152.083284,153.385836,127.470674,128.719029,123.61065,106.968403,88.447052,86.785056,78.182472,70.942301,63.185911,59.902416,58.439068,57.493267,59.523076,57.652591,55.127405,,66.831102,,49.514478,25.153798
营运能力,存货周转率,0.861409,0.594487,0.311691,1.105466,0.79017,0.530369,0.28243,1.252521,0.924731,0.639835,0.343953,1.89431,1.400872,0.946519,0.460157,2.472218,1.927298,1.462366,0.632989,2.18546,1.676925,1.063567,0.419082,2.418552,1.849898,1.252921,0.621503,2.328224,1.665534,1.131195,0.575056,2.329679,1.753048,1.243858,0.630328,2.478484,1.830411,1.283508,0.656498,3.220131,2.309934,1.7566,0.864422,2.589305,1.94483,1.293945,0.575166,2.175302,1.568574,0.97232,0.505505,1.572783,1.018075,0.673278,0.407047,1.458055,1.024897,0.708308,0.355725,1.454578,1.036703,0.691937,0.364645,1.559273,1.304147,0.838958,,1.734656,,2.231066,2.251913
营运能力,存货周转天数,313.439934,302.78168,288.746789,325.654371,341.698322,339.385962,318.662871,287.420124,291.976772,281.322196,261.663518,190.042757,192.737026,190.170326,195.585396,145.618191,140.092434,123.088124,142.18255,164.724974,161.008911,169.241748,214.754749,148.849358,145.95397,143.664196,144.810053,154.624284,162.110081,159.123647,156.506401,154.527688,154.017447,144.711007,142.782656,145.250047,147.507812,140.240546,137.090864,111.796668,116.886455,102.470633,104.115702,139.033439,138.829584,139.109438,156.476372,165.494223,172.130839,185.12414,178.039519,228.893556,265.206384,267.348661,221.104316,246.904251,263.440998,254.126708,253.003964,247.494388,260.440838,260.139033,246.815105,230.876822,207.031768,214.551662,,207.533837,,161.357802,159.86401
营运能力,总资产周转率,0.196823,0.134958,0.069719,0.246122,0.191309,0.134498,0.076073,0.322372,0.252934,0.175839,0.099386,0.469624,0.350693,0.251485,0.121127,0.548685,0.443922,0.329166,0.143451,0.471709,0.367643,0.251399,0.102905,0.502296,0.375163,0.255969,0.121172,0.455583,0.32533,0.22065,0.112221,0.407124,0.320821,0.221374,0.10628,0.402516,0.314459,0.222136,0.107665,0.479024,0.381739,0.290689,0.144718,0.479618,0.375298,0.248344,0.114123,0.443405,0.328139,0.216862,0.104314,0.391263,0.293827,0.201679,0.114133,0.393974,0.293676,0.207085,0.103631,0.377322,0.287803,0.20047,0.09712,0.458687,0.349213,0.419122,,0.742668,,0.950092,0.985559
营运能力,总资产周转天数,1371.790628,1333.739987,1290.894214,1462.687872,1411.326546,1338.30894,1183.066831,1116.719692,1067.468983,1023.65861,905.554002,766.570487,769.902019,715.748185,743.021568,656.113403,608.21395,546.834933,627.390258,763.182211,734.407643,715.992296,874.59142,716.708868,719.686569,703.208552,742.745031,790.195347,829.924094,815.769761,801.98671,884.249959,841.589268,813.10272,846.812515,894.373232,858.616645,810.310824,835.923542,751.527946,707.288195,619.218059,621.895894,750.596155,719.428026,724.799071,788.622479,811.89709,822.821659,830.01775,862.773979,920.095185,918.905495,892.504199,788.552987,913.764973,919.378551,869.205931,868.465337,954.090173,938.140272,897.887152,926.687342,784.848546,773.166479,429.468801,,484.738744,,378.910292,365.274793
营运能力,流动资产周转率,0.551046,0.381587,0.199073,0.687238,0.530009,0.365066,0.202983,0.795032,0.595706,0.412811,0.227018,1.122913,0.844073,0.638438,0.305195,1.447942,1.160194,0.824488,0.370486,1.316624,0.989692,0.680693,0.28299,1.374844,0.993607,0.682087,0.312167,1.170098,0.806186,0.556433,0.298455,0.975648,0.772664,0.545015,0.261923,0.8715,0.716817,0.489915,0.235976,1.001317,0.906158,0.653227,0.326928,0.969804,0.696106,0.446962,0.20399,0.725696,0.530695,0.328717,0.151964,0.57435,0.433218,0.298574,0.165824,0.566804,0.421051,0.297318,0.145925,0.50026,0.362587,0.252387,0.120126,0.611679,0.462404,0.741737,,1.160509,,1.297132,1.400184
营运能力,流动资产周转天数,489.976615,471.713522,452.093826,523.835574,509.425225,493.061524,443.384861,452.811511,453.24302,436.034525,396.44382,320.594659,319.877309,281.937886,294.892739,248.628577,232.719699,218.317287,242.924075,273.426444,272.81197,264.436004,318.032188,261.847743,271.737078,263.89582,288.306339,307.666289,334.91023,323.488559,301.552457,368.985461,349.440194,330.26557,343.611338,413.080726,376.664721,367.410568,381.394322,359.526457,297.960957,275.554885,275.289157,371.20869,387.871812,402.718444,441.198079,496.075148,508.766132,547.583266,592.245179,626.795121,623.241559,602.865131,542.743492,635.139894,641.250963,605.41063,616.753316,719.625667,744.648598,713.189094,749.211204,588.54383,583.904393,242.673414,,310.208662,,277.535224,257.108898
营运能力,应付账款周转率,2.559809,1.642388,0.778059,2.70993,2.462121,1.603716,0.690457,2.615868,2.087681,1.471626,0.75499,3.487425,2.768791,1.838385,0.882938,4.945636,4.211892,2.990012,1.235314,4.117924,3.185289,1.952411,0.698181,3.436705,2.586953,1.764241,,3.257806,,1.645984,0.745674,4.123155,3.322968,2.248732,1.191319,4.743671,3.452271,2.357188,1.120473,7.920577,6.330159,4.606629,2.941676,7.618682,6.24101,4.156122,1.840697,9.018139,6.830688,5.24304,3.086424,6.87104,4.551023,3.120618,1.346694,5.664996,3.597408,2.590343,1.07718,6.485949,6.930505,5.987147,1.716482,9.042047,6.871495,3.400765,,8.294411,,15.509516,18.290587
